Workbook

Sheet O-PTIR
A1: X value [cmâ»Â¹] | B1: IR Spectrum 4/OPTIR (mV) [] | C1: IR Spectrum 5/OPTIR (mV) [] | D1: IR Spectrum 6/OPTIR (mV) [] | E1: IR Spectrum 7/OPTIR (mV) [] | F1: IR Spectrum 8/OPTIR (mV) [] | G1: IR Spectrum 9/OPTIR (mV) []
A2: 948 | B2: 1.8544378 | C2: 0.84986389 | D2: 0.45288971 | E2: -0.57403541 | F2: 0.14292504 | G2: -0.63871849
A3: 950 | B3: 1.8113114 | C3: 0.72967118 | D3: -0.14092067 | E3: -0.066437632 | F3: -0.001109682 | G3: -0.98629886
A4: 952 | B4: 1.1451445 | C4: 0.67882472 | D4: 0.33568597 | E4: -0.056415658 | F4: 0.55200553 | G4: -0.083954677
A5: 954 | B5: 1.9412583 | C5: 1.8101175 | D5: 0.43400043 | E5: 0.15711322 | F5: 0.84315264 | G5: 0.15104349
A6: 956 | B6: 0.40312362 | C6: 1.2953951 | D6: 0.59394765 | E6: 0.68433935 | F6: 1.2951748 | G6: 0.25260422
A7: 958 | B7: 0.50254268 | C7: 0.54335672 | D7: 0.76085132 | E7: 0.7000711 | F7: 1.1696553 | G7: 0.39884996
A8: 960 | B8: 0.75105405 | C8: 0.35651633 | D8: 0.55485648 | E8: 0.8743794 | F8: 0.99135363 | G8: 0.45918757
A9: 962 | B9: 1.0212029 | C9: 0.78633851 | D9: 0.24747708 | E9: 0.78224808 | F9: 0.75387382 | G9: 0.5032742
A10: 964 | B10: 0.73391908 | C10: 1.4971305 | D10: 0.64157277 | E10: 0.75562573 | F10: 0.58956164 | G10: 0.49574992
A11: 966 | B11: 0.93261939 | C11: 1.725217 | D11: 1.0209513 | E11: 0.95556509 | F11: 0.89098662 | G11: 0.77632397
A12: 968 | B12: 1.5259792 | C12: 1.9052742 | D12: 1.6142224 | E12: 1.5978264 | F12: 0.97505325 | G12: 1.0895196
A13: 970 | B13: 2.4720843 | C13: 2.6961296 | D13: 2.5581336 | E13: 2.671268 | F13: 1.2017198 | G13: 1.89647
... A1030: 3004 | B1030: 2.0664897 | C1030: 1.7978435 | D1030: -0.10523883 | E1030: -1.3175399 | F1030: 0.2946918 | G1030: -2.1250801

Sheet O-PTIR norm
A1: O-PTIR waveno | B1: 1 | C1: 2 | D1: 3 | E1: 4 | F1: 5 | G1: 6
A2: 948 | B2: ='O-PTIR'!B2/MAX('O-PTIR'!B:B) -> 0.072672804 | C2: ='O-PTIR'!C2/MAX('O-PTIR'!C:C) -> 0.03898649 | D2: ='O-PTIR'!D2/MAX('O-PTIR'!D:D) -> 0.021972372 | E2: ='O-PTIR'!E2/MAX('O-PTIR'!E:E) -> -0.033724131 | F2: ='O-PTIR'!F2/MAX('O-PTIR'!F:F) -> 0.0056440244 | G2: ='O-PTIR'!G2/MAX('O-PTIR'!G:G) -> -0.029942308
A3: 950 | B3: ='O-PTIR'!B3/MAX('O-PTIR'!B:B) -> 0.070982738 | C3: ='O-PTIR'!C3/MAX('O-PTIR'!C:C) -> 0.033472793 | D3: ='O-PTIR'!D3/MAX('O-PTIR'!D:D) -> -0.0068368995 | E3: ='O-PTIR'!E3/MAX('O-PTIR'!E:E) -> -0.0039031589 | F3: ='O-PTIR'!F3/MAX('O-PTIR'!F:F) -> -4.3820679e-05 | G3: ='O-PTIR'!G3/MAX('O-PTIR'!G:G) -> -0.046236433
A4: 952 | B4: ='O-PTIR'!B4/MAX('O-PTIR'!B:B) -> 0.044876597 | C4: ='O-PTIR'!C4/MAX('O-PTIR'!C:C) -> 0.031140273 | D4: ='O-PTIR'!D4/MAX('O-PTIR'!D:D) -> 0.016286122 | E4: ='O-PTIR'!E4/MAX('O-PTIR'!E:E) -> -0.0033143757 | F4: ='O-PTIR'!F4/MAX('O-PTIR'!F:F) -> 0.021798368 | G4: ='O-PTIR'!G4/MAX('O-PTIR'!G:G) -> -0.0039356882
A5: 954 | B5: ='O-PTIR'!B5/MAX('O-PTIR'!B:B) -> 0.076075176 | C5: ='O-PTIR'!C5/MAX('O-PTIR'!C:C) -> 0.083036976 | D5: ='O-PTIR'!D5/MAX('O-PTIR'!D:D) -> 0.021055941 | E5: ='O-PTIR'!E5/MAX('O-PTIR'!E:E) -> 0.0092302789 | F5: ='O-PTIR'!F5/MAX('O-PTIR'!F:F) -> 0.033295594 | G5: ='O-PTIR'!G5/MAX('O-PTIR'!G:G) -> 0.0070807262
A6: 956 | B6: ='O-PTIR'!B6/MAX('O-PTIR'!B:B) -> 0.015797846 | C6: ='O-PTIR'!C6/MAX('O-PTIR'!C:C) -> 0.059424704 | D6: ='O-PTIR'!D6/MAX('O-PTIR'!D:D) -> 0.028815932 | E6: ='O-PTIR'!E6/MAX('O-PTIR'!E:E) -> 0.040204401 | F6: ='O-PTIR'!F6/MAX('O-PTIR'!F:F) -> 0.05114568 | G6: ='O-PTIR'!G6/MAX('O-PTIR'!G:G) -> 0.011841763
A7: 958 | B7: ='O-PTIR'!B7/MAX('O-PTIR'!B:B) -> 0.019693939 | C7: ='O-PTIR'!C7/MAX('O-PTIR'!C:C) -> 0.02492584 | D7: ='O-PTIR'!D7/MAX('O-PTIR'!D:D) -> 0.036913421 | E7: ='O-PTIR'!E7/MAX('O-PTIR'!E:E) -> 0.041128629 | F7: ='O-PTIR'!F7/MAX('O-PTIR'!F:F) -> 0.04618899 | G7: ='O-PTIR'!G7/MAX('O-PTIR'!G:G) -> 0.018697578
A8: 960 | B8: ='O-PTIR'!B8/MAX('O-PTIR'!B:B) -> 0.029432749 | C8: ='O-PTIR'!C8/MAX('O-PTIR'!C:C) -> 0.016354761 | D8: ='O-PTIR'!D8/MAX('O-PTIR'!D:D) -> 0.026919387 | E8: ='O-PTIR'!E8/MAX('O-PTIR'!E:E) -> 0.051369105 | F8: ='O-PTIR'!F8/MAX('O-PTIR'!F:F) -> 0.039147962 | G8: ='O-PTIR'!G8/MAX('O-PTIR'!G:G) -> 0.021526128
A9: 962 | B9: ='O-PTIR'!B9/MAX('O-PTIR'!B:B) -> 0.040019503 | C9: ='O-PTIR'!C9/MAX('O-PTIR'!C:C) -> 0.036072339 | D9: ='O-PTIR'!D9/MAX('O-PTIR'!D:D) -> 0.012006585 | E9: ='O-PTIR'!E9/MAX('O-PTIR'!E:E) -> 0.045956462 | F9: ='O-PTIR'!F9/MAX('O-PTIR'!F:F) -> 0.029770027 | G9: ='O-PTIR'!G9/MAX('O-PTIR'!G:G) -> 0.023592853
A10: 964 | B10: ='O-PTIR'!B10/MAX('O-PTIR'!B:B) -> 0.028761254 | C10: ='O-PTIR'!C10/MAX('O-PTIR'!C:C) -> 0.068679073 | D10: ='O-PTIR'!D10/MAX('O-PTIR'!D:D) -> 0.03112651 | E10: ='O-PTIR'!E10/MAX('O-PTIR'!E:E) -> 0.04439242 | F10: ='O-PTIR'!F10/MAX('O-PTIR'!F:F) -> 0.023281437 | G10: ='O-PTIR'!G10/MAX('O-PTIR'!G:G) -> 0.023240124
A11: 966 | B11: ='O-PTIR'!B11/MAX('O-PTIR'!B:B) -> 0.036548039 | C11: ='O-PTIR'!C11/MAX('O-PTIR'!C:C) -> 0.079142267 | D11: ='O-PTIR'!D11/MAX('O-PTIR'!D:D) -> 0.049532416 | E11: ='O-PTIR'!E11/MAX('O-PTIR'!E:E) -> 0.056138701 | F11: ='O-PTIR'!F11/MAX('O-PTIR'!F:F) -> 0.035184529 | G11: ='O-PTIR'!G11/MAX('O-PTIR'!G:G) -> 0.036393078
A12: 968 | B12: ='O-PTIR'!B12/MAX('O-PTIR'!B:B) -> 0.059800972 | C12: ='O-PTIR'!C12/MAX('O-PTIR'!C:C) -> 0.087402175 | D12: ='O-PTIR'!D12/MAX('O-PTIR'!D:D) -> 0.078315526 | E12: ='O-PTIR'!E12/MAX('O-PTIR'!E:E) -> 0.093871048 | F12: ='O-PTIR'!F12/MAX('O-PTIR'!F:F) -> 0.03850427 | G12: ='O-PTIR'!G12/MAX('O-PTIR'!G:G) -> 0.05107529
A13: 970 | B13: ='O-PTIR'!B13/MAX('O-PTIR'!B:B) -> 0.096877497 | C13: ='O-PTIR'!C13/MAX('O-PTIR'!C:C) -> 0.12368172 | D13: ='O-PTIR'!D13/MAX('O-PTIR'!D:D) -> 0.12411027 | E13: ='O-PTIR'!E13/MAX('O-PTIR'!E:E) -> 0.1569349 | F13: ='O-PTIR'!F13/MAX('O-PTIR'!F:F) -> 0.047455195 | G13: ='O-PTIR'!G13/MAX('O-PTIR'!G:G) -> 0.088904093
... A1030: 3004 | B1030: ='O-PTIR'!B1030/MAX('O-PTIR'!B:B) -> 0.080982817 | C1030: ='O-PTIR'!C1030/MAX('O-PTIR'!C:C) -> 0.08247392 | D1030: ='O-PTIR'!D1030/MAX('O-PTIR'!D:D) -> -0.0051057615 | E1030: ='O-PTIR'!E1030/MAX('O-PTIR'!E:E) -> -0.077404439 | F1030: ='O-PTIR'!F1030/MAX('O-PTIR'!F:F) -> 0.011637203 | G1030: ='O-PTIR'!G1030/MAX('O-PTIR'!G:G) -> -0.099621045

Sheet Raman
A1: X value [cmâ»Â¹] | B1: Raman Spectrum 4/Raman Intensity [] | C1: Raman Spectrum 5/Raman Intensity [] | D1: Raman Spectrum 6/Raman Intensity [] | E1: Raman Spectrum 7/Raman Intensity [] | F1: Raman Spectrum 8/Raman Intensity [] | G1: Raman Spectrum 9/Raman Intensity []
A2: 326.12215 | B2: 12618 | C2: 16524 | D2: 44053 | E2: 30048 | F2: 36286 | G2: 24274
A3: 329.59377 | B3: 12337.049 | C3: 15861.081 | D3: 43357.723 | E3: 29306.162 | F3: 35637.285 | G3: 23326.973
A4: 333.06539 | B4: 12308.623 | C4: 15580.264 | D4: 40270.871 | E4: 28642.934 | F4: 35402.223 | G4: 22551.82
A5: 336.537 | B5: 12378.799 | C5: 15418.135 | D5: 38109.891 | E5: 28234.9 | F5: 35103.414 | G5: 22171.992
A6: 340.00862 | B6: 12448.271 | C6: 15276.963 | D6: 37944.191 | E6: 28141.102 | F6: 34711.434 | G6: 22157.367
A7: 343.48024 | B7: 12487.769 | C7: 15300.661 | D7: 37820.961 | E7: 28289.609 | F7: 34861.52 | G7: 22135.25
A8: 346.95186 | B8: 12452.699 | C8: 15294.54 | D8: 37837.871 | E8: 28209.969 | F8: 34868.508 | G8: 22008.668
A9: 350.42348 | B9: 12639.658 | C9: 15301.661 | D9: 37924.359 | E9: 28265.875 | F9: 35096.641 | G9: 21912.328
A10: 353.89509 | B10: 12733.408 | C10: 15249.239 | D10: 38103.613 | E10: 28348.586 | F10: 35317.117 | G10: 21875.906
A11: 357.36671 | B11: 12605.191 | C11: 15112.56 | D11: 38352.57 | E11: 28388.568 | F11: 35412.18 | G11: 21923.387
A12: 360.83833 | B12: 12799.979 | C12: 15028.627 | D12: 38493.512 | E12: 28529.514 | F12: 35713.07 | G12: 22094.42
A13: 364.30995 | B13: 12865.468 | C13: 15206.133 | D13: 38691.293 | E13: 28634.936 | F13: 35967.074 | G13: 22248.402
... A1025: 3877.5872 | B1025: 6536 | C1025: 7768 | D1025: 23534 | E1025: 15720 | F1025: 21950 | G1025: 11640

Sheet Raman norm
A1: Raman waveno | B1: 1 | C1: 2 | D1: 3 | E1: 4 | F1: 5 | G1: 6
A2: 326.12215 | B2: =Raman!B2/MAX(Raman!B:B) -> 0.49801854 | C2: =Raman!C2/MAX(Raman!C:C) -> 0.25214008 | D2: =Raman!D2/MAX(Raman!D:D) -> 0.67220569 | E2: =Raman!E2/MAX(Raman!E:E) -> 0.45850309 | F2: =Raman!F2/MAX(Raman!F:F) -> 0.55368887 | G2: =Raman!G2/MAX(Raman!G:G) -> 0.3703975
A3: 329.59377 | B3: =Raman!B3/MAX(Raman!B:B) -> 0.48692971 | C3: =Raman!C3/MAX(Raman!C:C) -> 0.24202458 | D3: =Raman!D3/MAX(Raman!D:D) -> 0.66159644 | E3: =Raman!E3/MAX(Raman!E:E) -> 0.44718337 | F3: =Raman!F3/MAX(Raman!F:F) -> 0.54379011 | G3: =Raman!G3/MAX(Raman!G:G) -> 0.35594679
A4: 333.06539 | B4: =Raman!B4/MAX(Raman!B:B) -> 0.48580777 | C4: =Raman!C4/MAX(Raman!C:C) -> 0.23773958 | D4: =Raman!D4/MAX(Raman!D:D) -> 0.6144941 | E4: =Raman!E4/MAX(Raman!E:E) -> 0.43706315 | F4: =Raman!F4/MAX(Raman!F:F) -> 0.54020329 | G4: =Raman!G4/MAX(Raman!G:G) -> 0.34411872
A5: 336.537 | B5: =Raman!B5/MAX(Raman!B:B) -> 0.48857753 | C5: =Raman!C5/MAX(Raman!C:C) -> 0.23526566 | D5: =Raman!D5/MAX(Raman!D:D) -> 0.58151966 | E5: =Raman!E5/MAX(Raman!E:E) -> 0.43083696 | F5: =Raman!F5/MAX(Raman!F:F) -> 0.53564376 | G5: =Raman!G5/MAX(Raman!G:G) -> 0.33832291
A6: 340.00862 | B6: =Raman!B6/MAX(Raman!B:B) -> 0.49131954 | C6: =Raman!C6/MAX(Raman!C:C) -> 0.23311151 | D6: =Raman!D6/MAX(Raman!D:D) -> 0.57899125 | E6: =Raman!E6/MAX(Raman!E:E) -> 0.42940568 | F6: =Raman!F6/MAX(Raman!F:F) -> 0.52966253 | G6: =Raman!G6/MAX(Raman!G:G) -> 0.33809975
A7: 343.48024 | B7: =Raman!B7/MAX(Raman!B:B) -> 0.49287845 | C7: =Raman!C7/MAX(Raman!C:C) -> 0.23347312 | D7: =Raman!D7/MAX(Raman!D:D) -> 0.57711087 | E7: =Raman!E7/MAX(Raman!E:E) -> 0.43167177 | F7: =Raman!F7/MAX(Raman!F:F) -> 0.53195269 | G7: =Raman!G7/MAX(Raman!G:G) -> 0.33776226
A8: 346.95186 | B8: =Raman!B8/MAX(Raman!B:B) -> 0.4914943 | C8: =Raman!C8/MAX(Raman!C:C) -> 0.23337972 | D8: =Raman!D8/MAX(Raman!D:D) -> 0.5773689 | E8: =Raman!E8/MAX(Raman!E:E) -> 0.43045653 | F8: =Raman!F8/MAX(Raman!F:F) -> 0.53205932 | G8: =Raman!G8/MAX(Raman!G:G) -> 0.33583075
A9: 350.42348 | B9: =Raman!B9/MAX(Raman!B:B) -> 0.49887336 | C9: =Raman!C9/MAX(Raman!C:C) -> 0.23348838 | D9: =Raman!D9/MAX(Raman!D:D) -> 0.57868863 | E9: =Raman!E9/MAX(Raman!E:E) -> 0.43130961 | F9: =Raman!F9/MAX(Raman!F:F) -> 0.53554041 | G9: =Raman!G9/MAX(Raman!G:G) -> 0.33436069
A10: 353.89509 | B10: =Raman!B10/MAX(Raman!B:B) -> 0.50257357 | C10: =Raman!C10/MAX(Raman!C:C) -> 0.23268848 | D10: =Raman!D10/MAX(Raman!D:D) -> 0.58142387 | E10: =Raman!E10/MAX(Raman!E:E) -> 0.43257169 | F10: =Raman!F10/MAX(Raman!F:F) -> 0.53890466 | G10: =Raman!G10/MAX(Raman!G:G) -> 0.33380493
A11: 357.36671 | B11: =Raman!B11/MAX(Raman!B:B) -> 0.497513 | C11: =Raman!C11/MAX(Raman!C:C) -> 0.23060288 | D11: =Raman!D11/MAX(Raman!D:D) -> 0.58522271 | E11: =Raman!E11/MAX(Raman!E:E) -> 0.43318179 | F11: =Raman!F11/MAX(Raman!F:F) -> 0.54035523 | G11: =Raman!G11/MAX(Raman!G:G) -> 0.33452944
A12: 360.83833 | B12: =Raman!B12/MAX(Raman!B:B) -> 0.50520103 | C12: =Raman!C12/MAX(Raman!C:C) -> 0.22932215 | D12: =Raman!D12/MAX(Raman!D:D) -> 0.58737334 | E12: =Raman!E12/MAX(Raman!E:E) -> 0.43533247 | F12: =Raman!F12/MAX(Raman!F:F) -> 0.54494652 | G12: =Raman!G12/MAX(Raman!G:G) -> 0.33713924
A13: 364.30995 | B13: =Raman!B13/MAX(Raman!B:B) -> 0.50778582 | C13: =Raman!C13/MAX(Raman!C:C) -> 0.23203071 | D13: =Raman!D13/MAX(Raman!D:D) -> 0.59039129 | E13: =Raman!E13/MAX(Raman!E:E) -> 0.43694111 | F13: =Raman!F13/MAX(Raman!F:F) -> 0.54882237 | G13: =Raman!G13/MAX(Raman!G:G) -> 0.33948886
... A1025: 3877.5872 | B1025: =Raman!B1025/MAX(Raman!B:B) -> 0.25796871 | C1025: =Raman!C1025/MAX(Raman!C:C) -> 0.11853208 | D1025: =Raman!D1025/MAX(Raman!D:D) -> 0.35910582 | E1025: =Raman!E1025/MAX(Raman!E:E) -> 0.23987182 | F1025: =Raman!F1025/MAX(Raman!F:F) -> 0.33493553 | G1025: =Raman!G1025/MAX(Raman!G:G) -> 0.17761501

Sheet stats
A1: OPTIR waveno | B1: OPTIR avg norm | C1: OPTIR std error nom | E1: Raman waveno | F1: Raman avg norm | G1: Raman std error norm
A2: 948 | B2: =AVERAGE('O-PTIR norm'!B2:G2) -> 0.012601542 | C2: =_xlfn.STDEV.P('O-PTIR norm'!B2:G2)/SQRT(6) -> 0.015272514 | E2: 326.12215 | F2: =AVERAGE('Raman norm'!B2:G2) -> 0.46749229 | G2: =_xlfn.STDEV.P('Raman norm'!B2:G2)/SQRT(6) -> 0.054302153
A3: 950 | B3: =AVERAGE('O-PTIR norm'!B3:G3) -> 0.00790587 | C3: =_xlfn.STDEV.P('O-PTIR norm'!B3:G3)/SQRT(6) -> 0.01489197 | E3: 329.59377 | F3: =AVERAGE('Raman norm'!B3:G3) -> 0.45624517 | G3: =_xlfn.STDEV.P('Raman norm'!B3:G3)/SQRT(6) -> 0.054468937
A4: 952 | B4: =AVERAGE('O-PTIR norm'!B4:G4) -> 0.017808549 | C4: =_xlfn.STDEV.P('O-PTIR norm'!B4:G4)/SQRT(6) -> 0.0071640311 | E4: 333.06539 | F4: =AVERAGE('Raman norm'!B4:G4) -> 0.44323777 | G4: =_xlfn.STDEV.P('Raman norm'!B4:G4)/SQRT(6) -> 0.050726791
A5: 954 | B5: =AVERAGE('O-PTIR norm'!B5:G5) -> 0.038295782 | C5: =_xlfn.STDEV.P('O-PTIR norm'!B5:G5)/SQRT(6) -> 0.012439246 | E5: 336.537 | F5: =AVERAGE('Raman norm'!B5:G5) -> 0.43502775 | G5: =_xlfn.STDEV.P('Raman norm'!B5:G5)/SQRT(6) -> 0.048225547
A6: 956 | B6: =AVERAGE('O-PTIR norm'!B6:G6) -> 0.034538388 | C6: =_xlfn.STDEV.P('O-PTIR norm'!B6:G6)/SQRT(6) -> 0.0071225888 | E6: 340.00862 | F6: =AVERAGE('Raman norm'!B6:G6) -> 0.43343171 | G6: =_xlfn.STDEV.P('Raman norm'!B6:G6)/SQRT(6) -> 0.048025318
A7: 958 | B7: =AVERAGE('O-PTIR norm'!B7:G7) -> 0.031258066 | C7: =_xlfn.STDEV.P('O-PTIR norm'!B7:G7)/SQRT(6) -> 0.0043586935 | E7: 343.48024 | F7: =AVERAGE('Raman norm'!B7:G7) -> 0.43414153 | G7: =_xlfn.STDEV.P('Raman norm'!B7:G7)/SQRT(6) -> 0.04802203
A8: 960 | B8: =AVERAGE('O-PTIR norm'!B8:G8) -> 0.030791682 | C8: =_xlfn.STDEV.P('O-PTIR norm'!B8:G8)/SQRT(6) -> 0.0047269156 | E8: 346.95186 | F8: =AVERAGE('Raman norm'!B8:G8) -> 0.43343159 | G8: =_xlfn.STDEV.P('Raman norm'!B8:G8)/SQRT(6) -> 0.048123736
A9: 962 | B9: =AVERAGE('O-PTIR norm'!B9:G9) -> 0.031236295 | C9: =_xlfn.STDEV.P('O-PTIR norm'!B9:G9)/SQRT(6) -> 0.0045569522 | E9: 350.42348 | F9: =AVERAGE('Raman norm'!B9:G9) -> 0.43537685 | G9: =_xlfn.STDEV.P('Raman norm'!B9:G9)/SQRT(6) -> 0.048757498
A10: 964 | B10: =AVERAGE('O-PTIR norm'!B10:G10) -> 0.036580136 | C10: =_xlfn.STDEV.P('O-PTIR norm'!B10:G10)/SQRT(6) -> 0.00653423 | E10: 353.89509 | F10: =AVERAGE('Raman norm'!B10:G10) -> 0.43699453 | G10: =_xlfn.STDEV.P('Raman norm'!B10:G10)/SQRT(6) -> 0.049428607
A11: 966 | B11: =AVERAGE('O-PTIR norm'!B11:G11) -> 0.048823172 | C11: =_xlfn.STDEV.P('O-PTIR norm'!B11:G11)/SQRT(6) -> 0.0063780575 | E11: 357.36671 | F11: =AVERAGE('Raman norm'!B11:G11) -> 0.43690084 | G11: =_xlfn.STDEV.P('Raman norm'!B11:G11)/SQRT(6) -> 0.049841027
A12: 968 | B12: =AVERAGE('O-PTIR norm'!B12:G12) -> 0.068161547 | C12: =_xlfn.STDEV.P('O-PTIR norm'!B12:G12)/SQRT(6) -> 0.0081234861 | E12: 360.83833 | F12: =AVERAGE('Raman norm'!B12:G12) -> 0.43988579 | G12: =_xlfn.STDEV.P('Raman norm'!B12:G12)/SQRT(6) -> 0.050544548
A13: 970 | B13: =AVERAGE('O-PTIR norm'!B13:G13) -> 0.10632728 | C13: =_xlfn.STDEV.P('O-PTIR norm'!B13:G13)/SQRT(6) -> 0.013981467 | E13: 364.30995 | F13: =AVERAGE('Raman norm'!B13:G13) -> 0.44257669 | G13: =_xlfn.STDEV.P('Raman norm'!B13:G13)/SQRT(6) -> 0.050656249
... A1025: 2994 | B1025: =AVERAGE('O-PTIR norm'!B1025:G1025) -> 0.011303212 | C1025: =_xlfn.STDEV.P('O-PTIR norm'!B1025:G1025)/SQRT(6) -> 0.012786181 | E1025: 3877.5872 | F1025: =AVERAGE('Raman norm'!B1025:G1025) -> 0.24800483 | G1025: =_xlfn.STDEV.P('Raman norm'!B1025:G1025)/SQRT(6) -> 0.034068444
A1026: 2996 | B1026: =AVERAGE('O-PTIR norm'!B1026:G1026) -> 0.020888316 | C1026: =_xlfn.STDEV.P('O-PTIR norm'!B1026:G1026)/SQRT(6) -> 0.015178872
A1027: 2998 | B1027: =AVERAGE('O-PTIR norm'!B1027:G1027) -> 0.016603025 | C1027: =_xlfn.STDEV.P('O-PTIR norm'!B1027:G1027)/SQRT(6) -> 0.014963556
A1028: 3000 | B1028: =AVERAGE('O-PTIR norm'!B1028:G1028) -> 0.022412959 | C1028: =_xlfn.STDEV.P('O-PTIR norm'!B1028:G1028)/SQRT(6) -> 0.010910527
A1029: 3002 | B1029: =AVERAGE('O-PTIR norm'!B1029:G1029) -> 0.011653804 | C1029: =_xlfn.STDEV.P('O-PTIR norm'!B1029:G1029)/SQRT(6) -> 0.02140908
A1030: 3004 | B1030: =AVERAGE('O-PTIR norm'!B1030:G1030) -> -0.0011728843 | C1030: =_xlfn.STDEV.P('O-PTIR norm'!B1030:G1030)/SQRT(6) -> 0.02859157
