Workbook

Sheet O-PTIR
A1: X value [cmâ»Â¹] | B1: IR Spectrum 1/OPTIR (mV) [] | C1: IR Spectrum 2/OPTIR (mV) [] | D1: IR Spectrum 3/OPTIR (mV) [] | E1: IR Spectrum 4/OPTIR (mV) [] | F1: IR Spectrum 5/OPTIR (mV) [] | G1: IR Spectrum 6/OPTIR (mV) [] | H1: IR Spectrum 7/OPTIR (mV) [] | I1: IR Spectrum 8/OPTIR (mV) [] | J1: IR Spectrum 9/OPTIR (mV) [] | K1: IR Spectrum 10/OPTIR (mV) [] | L1: IR Spectrum 11/OPTIR (mV) [] | M1: IR Spectrum 12/OPTIR (mV) [] | N1: IR Spectrum 13/OPTIR (mV) [] | O1: IR Spectrum 14/OPTIR (mV) [] | P1: IR Spectrum 15/OPTIR (mV) [] | Q1: IR Spectrum 16/OPTIR (mV) [] | R1: IR Spectrum 17/OPTIR (mV) [] | S1: IR Spectrum 18/OPTIR (mV) [] | T1: IR Spectrum 19/OPTIR (mV) [] | U1: IR Spectrum 20/OPTIR (mV) [] | V1: IR Spectrum 21/OPTIR (mV) [] | W1: IR Spectrum 22/OPTIR (mV) [] | X1: IR Spectrum 23/OPTIR (mV) [] | Y1: IR Spectrum 24/OPTIR (mV) [] | Z1: IR Spectrum 25/OPTIR (mV) [] | AA1: IR Spectrum 26/OPTIR (mV) [] | AB1: IR Spectrum 27/OPTIR (mV) [] | AC1: IR Spectrum 28/OPTIR (mV) [] | AD1: IR Spectrum 29/OPTIR (mV) [] | AE1: IR Spectrum 1/OPTIR (mV) [] | AF1: IR Spectrum 2/OPTIR (mV) [] | AG1: IR Spectrum 3/OPTIR (mV) [] | AH1: IR Spectrum 4/OPTIR (mV) [] | AI1: IR Spectrum 5/OPTIR (mV) [] | AJ1: IR Spectrum 6/OPTIR (mV) [] | AK1: IR Spectrum 7/OPTIR (mV) [] | AL1: IR Spectrum 8/OPTIR (mV) [] | AM1: IR Spectrum 9/OPTIR (mV) [] | AN1: IR Spectrum 10/OPTIR (mV) [] | AO1: IR Spectrum 11/OPTIR (mV) [] | AP1: IR Spectrum 12/OPTIR (mV) [] | AQ1: IR Spectrum 13/OPTIR (mV) [] | AR1: IR Spectrum 14/OPTIR (mV) [] | AS1: IR Spectrum 15/OPTIR (mV) [] | AT1: IR Spectrum 16/OPTIR (mV) [] | AU1: IR Spectrum 17/OPTIR (mV) [] | AV1: IR Spectrum 18/OPTIR (mV) [] | AW1: IR Spectrum 19/OPTIR (mV) [] | AX1: IR Spectrum 20/OPTIR (mV) [] | AY1: IR Spectrum 21/OPTIR (mV) [] | AZ1: IR Spectrum 22/OPTIR (mV) [] | BA1: IR Spectrum 23/OPTIR (mV) [] | BB1: IR Spectrum 24/OPTIR (mV) [] | BC1: IR Spectrum 25/OPTIR (mV) [] | BD1: IR Spectrum 26/OPTIR (mV) [] | BE1: IR Spectrum 27/OPTIR (mV) [] | BF1: IR Spectrum 28/OPTIR (mV) [] | BG1: IR Spectrum 29/OPTIR (mV) [] | BH1: IR Spectrum 30/OPTIR (mV) [] | BI1: IR Spectrum 31/OPTIR (mV) []
A2: 948 | B2: 0.74432343 | C2: 0.29022789 | D2: 0.33323428 | E2: 0.89626718 | F2: 1.1511611 | G2: 0.87787187 | H2: -3.7398376 | I2: -1.292586 | J2: -1.0857691 | K2: 0.68850511 | L2: -2.7830307 | M2: 2.6062672 | N2: 2.6788189 | O2: 3.3899632 | P2: -3.052681 | Q2: 1.5085568 | R2: -0.27823669 | S2: 1.1597732 | T2: -3.3678029 | U2: 0.68371469 | V2: 0.54264247 | W2: 2.854846 | X2: 0.0644053 | Y2: 1.8906963 | Z2: -2.9151525 | AA2: 1.7216339 | AB2: -0.070259519 | AC2: -1.4113824 | AD2: -0.33851454 | AE2: 0.29469606 | AF2: 0.29375452 | AG2: -0.43269265 | AH2: 0.35083154 | AI2: -0.059525579 | AJ2: -0.74037015 | AK2: -0.12429151 | AL2: 0.81776029 | AM2: -0.45792088 | AN2: -0.21826203 | AO2: -0.23684561 | AP2: 1.2109176 | AQ2: 1.5022793 | AR2: -1.1719726 | AS2: -0.21310548 | AT2: 0.0075503797 | AU2: -0.45432034 | AV2: 0.48737475 | AW2: 0.78080243 | AX2: -0.6214295 | AY2: -0.19462076 | AZ2: -1.5493608 | BA2: -0.052670561 | BB2: -0.960926 | BC2: 0.30232492 | BD2: -0.99079204 | BE2: 0.050230358 | BF2: 0.11434116 | BG2: -1.3257575 | BH2: 0.20294034 | BI2: -1.0418974
A3: 950 | B3: 2.2915871 | C3: 0.5833354 | D3: -1.4359747 | E3: -0.72650009 | F3: -0.17859009 | G3: 4.4197459 | H3: -1.2791016 | I3: -3.4884639 | J3: -0.097145036 | K3: -1.2027476 | L3: -0.8786242 | M3: 0.15259647 | N3: 1.1953312 | O3: 1.1355958 | P3: -2.1158793 | Q3: 1.5974119 | R3: -1.2858925 | S3: 3.7473531 | T3: -0.53124022 | U3: 0.57488757 | V3: 0.83460474 | W3: 4.6252007 | X3: -1.1124498 | Y3: 0.44499016 | Z3: -1.316946 | AA3: -0.30430162 | AB3: -0.96343124 | AC3: -2.7554588 | AD3: 1.3552005 | AE3: 0.5898335 | AF3: 0.61630845 | AG3: -0.57168102 | AH3: 0.33139503 | AI3: 0.1022228 | AJ3: -0.56181425 | AK3: -0.68551397 | AL3: 0.73370004 | AM3: -0.23681927 | AN3: -0.7079969 | AO3: -0.17293818 | AP3: 1.0996188 | AQ3: 1.3859539 | AR3: 0.10336083 | AS3: -0.11485173 | AT3: 0.084633291 | AU3: 0.2663334 | AV3: 0.20474257 | AW3: 0.57210821 | AX3: -0.44865519 | AY3: -0.12041634 | AZ3: -1.016572 | BA3: 0.079519406 | BB3: -0.29070082 | BC3: -0.39513159 | BD3: -1.487605 | BE3: 0.46957985 | BF3: 0.31223589 | BG3: -1.521701 | BH3: 0.35079992 | BI3: -1.6125057
A4: 952 | B4: 0.29183397 | C4: 1.3603048 | D4: 1.7600306 | E4: 0.84983611 | F4: 0.50614345 | G4: 2.7854109 | H4: 0.65802556 | I4: -1.8848004 | J4: -1.5413561 | K4: 0.74953961 | L4: 3.4662402 | M4: 0.9789443 | N4: 0.60865974 | O4: 0.22454084 | P4: -0.23272128 | Q4: 2.2606895 | R4: -0.68435723 | S4: 2.2380757 | T4: -2.3182249 | U4: 0.33913678 | V4: 0.17580399 | W4: 2.7184012 | X4: -2.6517324 | Y4: -0.61045635 | Z4: 0.86172885 | AA4: -2.7307742 | AB4: -2.1637814 | AC4: -2.4634359 | AD4: 2.5221035 | AE4: -0.10534324 | AF4: 0.62441182 | AG4: -0.32947788 | AH4: -0.34979308 | AI4: -0.13028479 | AJ4: -0.92391682 | AK4: -0.39414221 | AL4: 1.0881226 | AM4: -0.72639143 | AN4: -0.96200991 | AO4: 0.060016435 | AP4: 1.174626 | AQ4: 1.5262344 | AR4: -0.023694972 | AS4: 0.34042689 | AT4: -0.15626796 | AU4: 0.28926083 | AV4: 0.39106831 | AW4: 0.68603134 | AX4: -0.56171751 | AY4: 0.037795838 | AZ4: -0.52456331 | BA4: 0.051077187 | BB4: -0.37117001 | BC4: -1.0676277 | BD4: -1.0690904 | BE4: 0.052453063 | BF4: -0.10963911 | BG4: -1.2711316 | BH4: 0.36264083 | BI4: -1.3216432
A5: 954 | B5: 1.8470817 | C5: 0.81226367 | D5: 1.43516 | E5: 0.56408548 | F5: -1.5203713 | G5: 1.2694269 | H5: 1.1026112 | I5: -1.4209926 | J5: -0.28707308 | K5: -0.21842881 | L5: 2.1726861 | M5: 0.5067606 | N5: 0.81710255 | O5: -0.33647794 | P5: -1.4203889 | Q5: 0.37371281 | R5: -0.8683694 | S5: 1.4935646 | T5: -1.6993775 | U5: 0.91388619 | V5: 0.88116294 | W5: -0.45097581 | X5: -0.73999524 | Y5: 0.21763514 | Z5: 1.4131801 | AA5: 0.41526029 | AB5: -1.0226611 | AC5: -1.8329035 | AD5: 1.0942413 | AE5: -0.6193698 | AF5: 0.37635845 | AG5: 0.12576707 | AH5: -0.43639794 | AI5: -0.27663156 | AJ5: -0.72388381 | AK5: -0.77379781 | AL5: 0.71472502 | AM5: -1.0118484 | AN5: -0.13492127 | AO5: 0.25110334 | AP5: 0.72178376 | AQ5: 0.65083402 | AR5: 0.2361317 | AS5: 0.079925582 | AT5: -0.76849169 | AU5: -0.44416967 | AV5: -0.37683013 | AW5: 0.14851129 | AX5: -0.33412397 | AY5: -0.33875614 | AZ5: -0.81621313 | BA5: 0.36088401 | BB5: -0.28320122 | BC5: -0.14213774 | BD5: -0.41703799 | BE5: -0.17186072 | BF5: 0.32163104 | BG5: -0.43552125 | BH5: 0.41907182 | BI5: -0.86314464
A6: 956 | B6: 2.1132426 | C6: 0.087585017 | D6: 1.3728111 | E6: 0.63575268 | F6: -0.88015652 | G6: 2.1246893 | H6: 0.82454765 | I6: -1.5907736 | J6: -0.44417101 | K6: -0.4128654 | L6: 0.8887955 | M6: -1.4894218 | N6: 1.0790849 | O6: 0.72812402 | P6: -0.95945615 | Q6: -0.66571254 | R6: -1.3365483 | S6: -0.25954285 | T6: -1.1230031 | U6: 1.6801956 | V6: -0.7390092 | W6: -0.31180626 | X6: -2.4162071 | Y6: -0.011069408 | Z6: -0.050180178 | AA6: 0.43399948 | AB6: -0.50132048 | AC6: -1.3109767 | AD6: 0.21746126 | AE6: -0.17700857 | AF6: 0.35075042 | AG6: 0.26982343 | AH6: 0.2305055 | AI6: -0.26899084 | AJ6: -1.1276478 | AK6: -0.50779706 | AL6: 0.1941506 | AM6: -0.64551693 | AN6: -0.58168 | AO6: 0.21783698 | AP6: 0.80955344 | AQ6: 0.043746173 | AR6: -0.53042173 | AS6: 0.9030925 | AT6: -0.39953405 | AU6: 0.070076719 | AV6: -0.83581632 | AW6: 0.29176712 | AX6: -0.15203235 | AY6: -0.52265513 | AZ6: -0.28818366 | BA6: -0.12696253 | BB6: -0.58340192 | BC6: 0.34464943 | BD6: -1.0156094 | BE6: -0.90960348 | BF6: -0.11193198 | BG6: -0.017530859 | BH6: -0.093448356 | BI6: -0.52255684
A7: 958 | B7: -0.18345611 | C7: -0.61098665 | D7: 0.31607163 | E7: 1.2131209 | F7: -0.60783702 | G7: 1.252107 | H7: -1.2259028 | I7: -0.85664678 | J7: -1.037943 | K7: -1.2280812 | L7: 1.5811067 | M7: 0.18202238 | N7: 0.023702165 | O7: 1.2315419 | P7: -0.8399663 | Q7: 1.5060034 | R7: -1.6836376 | S7: 0.99319643 | T7: -1.3214065 | U7: 0.53676867 | V7: -0.42508391 | W7: 0.85226899 | X7: -0.56984431 | Y7: 0.29334289 | Z7: -2.204288 | AA7: 0.83185416 | AB7: 0.30006254 | AC7: -1.3062472 | AD7: 1.1398602 | AE7: -0.17516236 | AF7: 0.059484176 | AG7: 0.16147092 | AH7: 0.33650979 | AI7: -0.82749909 | AJ7: -0.97143656 | AK7: -0.081473462 | AL7: 0.05059899 | AM7: -0.4093723 | AN7: -0.24028084 | AO7: 0.22679006 | AP7: 0.41196555 | AQ7: 0.36198404 | AR7: -0.68256414 | AS7: -0.49624988 | AT7: -0.030843036 | AU7: 0.091949984 | AV7: -0.71757138 | AW7: 0.45761833 | AX7: -0.071469128 | AY7: -0.0062858034 | AZ7: 0.3121745 | BA7: -0.14495601 | BB7: -0.58635008 | BC7: -0.33652747 | BD7: -0.74174339 | BE7: -0.54188269 | BF7: -0.51387924 | BG7: -0.24867532 | BH7: 0.05212526 | BI7: -0.069193795
A8: 960 | B8: 1.2732528 | C8: 0.084803298 | D8: 0.43352324 | E8: 0.57761037 | F8: -0.87230378 | G8: 0.54134816 | H8: -2.059289 | I8: -1.3872007 | J8: -0.1295156 | K8: -0.95730895 | L8: 0.36244887 | M8: -0.47243756 | N8: 0.9814865 | O8: -0.27958068 | P8: -1.534268 | Q8: 0.88921428 | R8: 0.1871618 | S8: 0.517726 | T8: -1.76194 | U8: 0.36037877 | V8: -0.55307585 | W8: -0.025023971 | X8: -0.37236798 | Y8: 0.52768481 | Z8: -1.3020117 | AA8: 0.10353839 | AB8: 0.049754515 | AC8: -2.0463541 | AD8: 0.24213953 | AE8: -0.4362725 | AF8: -0.12029681 | AG8: -0.086275294 | AH8: 0.18149474 | AI8: -0.42373419 | AJ8: -0.9085862 | AK8: -0.34800756 | AL8: -0.19558766 | AM8: 0.0014367655 | AN8: -0.11201996 | AO8: 0.21557453 | AP8: 0.43544757 | AQ8: 0.36259982 | AR8: -0.40175638 | AS8: -0.38562405 | AT8: -0.11018761 | AU8: 0.064403787 | AV8: -0.4347021 | AW8: 0.049957134 | AX8: 0.080052957 | AY8: -0.085257925 | AZ8: -0.12385185 | BA8: -0.11473977 | BB8: -0.39573598 | BC8: 0.14187726 | BD8: -0.091184139 | BE8: -0.57040453 | BF8: 0.32796609 | BG8: -0.16728252 | BH8: 0.096845485 | BI8: 0.14731528
A9: 962 | B9: 0.69802564 | C9: 0.94188923 | D9: 0.73204857 | E9: 1.403367 | F9: -1.2677385 | G9: 2.042618 | H9: -0.36096862 | I9: -0.91846317 | J9: -0.0093100341 | K9: 0.46601149 | L9: 0.31237924 | M9: 0.29313615 | N9: 1.279992 | O9: -1.028752 | P9: -0.46205458 | Q9: 0.39528492 | R9: 0.48408943 | S9: -0.05226782 | T9: -0.97857535 | U9: 0.35031301 | V9: -1.3394257 | W9: -0.12585849 | X9: -0.25954673 | Y9: 0.426061 | Z9: -0.10566749 | AA9: -0.067738876 | AB9: 0.97449869 | AC9: -1.1074677 | AD9: 0.17468722 | AE9: -0.27992132 | AF9: -0.056971952 | AG9: 0.090217754 | AH9: -0.072565399 | AI9: -0.0027862072 | AJ9: -0.55638224 | AK9: -0.32088733 | AL9: 0.19970673 | AM9: -0.18076989 | AN9: 0.33567974 | AO9: 0.1290267 | AP9: 0.23539241 | AQ9: 0.43952447 | AR9: 0.31992987 | AS9: -0.30859229 | AT9: -0.019626806 | AU9: 0.32926545 | AV9: 0.20824334 | AW9: -0.1970695 | AX9: 0.084131882 | AY9: -0.055895939 | AZ9: 0.3510063 | BA9: -0.21388689 | BB9: -0.53875524 | BC9: -0.033891208 | BD9: -0.63760632 | BE9: 0.10392695 | BF9: 0.077968426 | BG9: -0.13450256 | BH9: -0.13259238 | BI9: -0.2688075
A10: 964 | B10: 1.6073052 | C10: 0.80427349 | D10: 0.86198586 | E10: -0.25310799 | F10: -0.56014341 | G10: 1.423357 | H10: -0.63442641 | I10: -0.369241 | J10: 0.47711638 | K10: -0.058138158 | L10: -0.26348418 | M10: 0.24100578 | N10: 1.4584178 | O10: -0.87474418 | P10: -0.028061295 | Q10: 0.15348411 | R10: 0.14276329 | S10: -0.2612358 | T10: -0.7801075 | U10: 0.44687423 | V10: -0.6247409 | W10: 0.36238804 | X10: -0.3896513 | Y10: 0.36482972 | Z10: -0.45253447 | AA10: -0.084953271 | AB10: -0.13744256 | AC10: -0.67943978 | AD10: 0.78018481 | AE10: 0.13254444 | AF10: 0.15540677 | AG10: -0.056808513 | AH10: -0.260831 | AI10: 0.40394804 | AJ10: -0.38363007 | AK10: -0.33204371 | AL10: -0.017469388 | AM10: -0.034073748 | AN10: 0.053389698 | AO10: -0.11236956 | AP10: -0.075184703 | AQ10: 0.12862095 | AR10: 0.21681806 | AS10: 0.052441619 | AT10: -0.023930851 | AU10: 0.15593253 | AV10: 0.31821412 | AW10: -0.2259403 | AX10: -0.14063022 | AY10: -0.065967768 | AZ10: 0.099241704 | BA10: 0.0097618988 | BB10: -0.1681852 | BC10: 0.28353688 | BD10: -0.58306962 | BE10: 0.11998355 | BF10: -0.057682287 | BG10: -0.13743587 | BH10: -0.012121148 | BI10: -0.22131702
A11: 966 | B11: 0.8209796 | C11: 0.13451257 | D11: 1.1611456 | E11: -0.11478829 | F11: -0.25910878 | G11: 1.1064004 | H11: -0.81811982 | I11: 0.17722426 | J11: -0.02399846 | K11: -0.55729926 | L11: -0.22246085 | M11: 0.23608391 | N11: 1.2200786 | O11: -0.26134974 | P11: -0.40915847 | Q11: 0.0077680983 | R11: 0.094347656 | S11: 0.24468628 | T11: -0.489171 | U11: 0.59907877 | V11: -0.41311154 | W11: -0.1899682 | X11: -0.073133461 | Y11: 0.26190194 | Z11: -0.60715765 | AA11: -0.010133931 | AB11: -0.44932294 | AC11: -0.30464157 | AD11: 0.82012624 | AE11: -0.27035496 | AF11: 0.051025517 | AG11: 0.037817813 | AH11: -0.090429723 | AI11: -0.011290182 | AJ11: -0.56584543 | AK11: -0.054266062 | AL11: -0.26986092 | AM11: -0.37933183 | AN11: -0.17550711 | AO11: 0.083995432 | AP11: -0.21809205 | AQ11: -0.020450795 | AR11: 0.28123522 | AS11: -0.061201844 | AT11: 0.21704563 | AU11: 0.085692078 | AV11: 0.018659554 | AW11: -0.16788651 | AX11: -0.11170167 | AY11: -0.12966347 | AZ11: 0.0068319007 | BA11: 0.072433844 | BB11: -0.21383254 | BC11: 0.10998891 | BD11: -0.35871449 | BE11: 0.20025222 | BF11: -0.35016462 | BG11: -0.074738987 | BH11: 0.02101486 | BI11: -0.21854182
A12: 968 | B12: 0.50754452 | C12: -0.61106622 | D12: 0.44641757 | E12: -0.3849268 | F12: -0.57586586 | G12: 1.3206104 | H12: -0.74588782 | I12: -0.86721784 | J12: -0.53765148 | K12: 0.15651575 | L12: -0.92252314 | M12: -0.39687556 | N12: 1.2929349 | O12: -0.032078478 | P12: -0.40046644 | Q12: 0.53855228 | R12: -0.0075209811 | S12: 0.042256903 | T12: -0.54059672 | U12: 0.13597822 | V12: -0.55769277 | W12: 0.77587724 | X12: -0.3659637 | Y12: 0.069243215 | Z12: -0.74933559 | AA12: -0.46617544 | AB12: 0.11102417 | AC12: 0.50991279 | AD12: 0.76560676 | AE12: 0.03051383 | AF12: -0.052075315 | AG12: 0.034702633 | AH12: 0.34769648 | AI12: -0.1431713 | AJ12: -0.45705044 | AK12: -0.013211809 | AL12: 0.17130336 | AM12: 0.1552829 | AN12: -0.32368109 | AO12: 0.1096007 | AP12: 0.050998904 | AQ12: 0.14577773 | AR12: 0.033422675 | AS12: -0.38203937 | AT12: 0.30076075 | AU12: -0.12791306 | AV12: -0.23165621 | AW12: -0.013343892 | AX12: -0.023663936 | AY12: -0.12458103 | AZ12: -0.10463776 | BA12: 0.024404477 | BB12: -0.32416841 | BC12: 0.12047655 | BD12: -0.051975708 | BE12: -0.079789281 | BF12: -0.20937395 | BG12: -0.055077892 | BH12: -0.050093129 | BI12: -0.32387662
A13: 970 | B13: 0.49141777 | C13: -0.73317969 | D13: 0.58562022 | E13: -0.22284724 | F13: -0.39186147 | G13: 0.75493747 | H13: -0.82684511 | I13: -1.2210937 | J13: -0.49288774 | K13: 0.036194671 | L13: 0.048850954 | M13: -0.18807067 | N13: 0.42528871 | O13: 0.32053861 | P13: -0.26075512 | Q13: 0.88324267 | R13: -0.24525453 | S13: -0.023286011 | T13: -0.41773844 | U13: -0.27785113 | V13: -0.13531362 | W13: 0.6777724 | X13: -0.32984835 | Y13: 0.51723742 | Z13: -0.47191301 | AA13: 0.19962034 | AB13: -0.35121426 | AC13: 0.15926929 | AD13: 0.1029425 | AE13: -0.1230415 | AF13: -0.045607995 | AG13: 0.13421237 | AH13: 0.59748179 | AI13: -0.081236094 | AJ13: -0.42645788 | AK13: 0.09225376 | AL13: 0.12107285 | AM13: 0.020645313 | AN13: -0.077491492 | AO13: -0.18248387 | AP13: -0.10080609 | AQ13: 0.28865361 | AR13: -0.12306952 | AS13: -0.1631618 | AT13: 0.18014084 | AU13: -0.028640538 | AV13: -0.068220235 | AW13: -0.028922522 | AX13: -0.092681699 | AY13: -0.15886511 | AZ13: -0.093389824 | BA13: 0.094647624 | BB13: -0.15941274 | BC13: 0.19791234 | BD13: -0.084048912 | BE13: -0.40857628 | BF13: -0.13045391 | BG13: 0.0037638615 | BH13: -0.093477651 | BI13: -0.38519105
... A1030: 3004 | B1030: -1.7428007 | C1030: 6.0990157 | D1030: -3.7746119 | E1030: 0.17596778 | F1030: -5.8451867 | G1030: 2.7390375 | H1030: -3.6820669 | I1030: -2.2868814 | J1030: -2.6328011 | K1030: 0.44567117 | L1030: 0.42734551 | M1030: 2.3206248 | N1030: 0.99290162 | O1030: -0.090885974 | P1030: -1.8174033 | Q1030: 4.3202977 | R1030: -1.0318197 | S1030: -0.48279789 | T1030: -3.2523775 | U1030: 0.035281532 | V1030: -0.58340997 | W1030: -0.43148461 | X1030: 0.9192555 | Y1030: -2.2003472 | Z1030: -4.4586849 | AA1030: 1.4762101 | AB1030: 3.0303147 | AC1030: -2.812371 | AD1030: 0.30952752 | AE1030: -0.0018238127 | AF1030: 0.3667374 | AG1030: 0.84641063 | AH1030: 1.050382 | AI1030: 1.2837179 | AJ1030: -3.3295834 | AK1030: -0.65282089 | AL1030: -0.029919062 | AM1030: 0.53446436 | AN1030: -1.2299261 | AO1030: -0.37679976 | AP1030: -1.35751 | AQ1030: 0.59490824 | AR1030: -0.81823337 | AS1030: -1.3167062 | AT1030: 0.21663934 | AU1030: 0.93596011 | AV1030: -0.48279625 | AW1030: -0.31565735 | AX1030: 0.60567975 | AY1030: -0.29585451 | AZ1030: -0.99147934 | BA1030: 0.21748833 | BB1030: -0.032897796 | BC1030: 0.57897639 | BD1030: -2.2480798 | BE1030: -0.23092949 | BF1030: 0.47444978 | BG1030: -0.35490146 | BH1030: -0.51402348 | BI1030: -1.3910024

Sheet O-PTIR norm
A1: OPTIR waveno | B1: 1 | C1: =B1+1 -> 2 | D1: =C1+1 -> 3 | E1: =D1+1 -> 4 | F1: =E1+1 -> 5 | G1: =F1+1 -> 6 | H1: =G1+1 -> 7 | I1: =H1+1 -> 8 | J1: =I1+1 -> 9 | ... BI1: =BH1+1 -> 60
A2: 948 | B2: ='O-PTIR'!B2/MAX('O-PTIR'!B:B) -> 0.068346228 | C2: ='O-PTIR'!C2/MAX('O-PTIR'!C:C) -> 0.015370312 | D2: ='O-PTIR'!D2/MAX('O-PTIR'!D:D) -> 0.044072935 | E2: ='O-PTIR'!E2/MAX('O-PTIR'!E:E) -> 0.17189187 | F2: ='O-PTIR'!F2/MAX('O-PTIR'!F:F) -> 0.67633454 | G2: ='O-PTIR'!G2/MAX('O-PTIR'!G:G) -> 0.16269415 | H2: ='O-PTIR'!H2/MAX('O-PTIR'!H:H) -> -3.3918009 | I2: ='O-PTIR'!I2/MAX('O-PTIR'!I:I) -> -0.80908179 | J2: ='O-PTIR'!J2/MAX('O-PTIR'!J:J) -> -0.30394702 | K2: ='O-PTIR'!K2/MAX('O-PTIR'!K:K) -> 0.014647206 | L2: ='O-PTIR'!L2/MAX('O-PTIR'!L:L) -> -0.80289611 | M2: ='O-PTIR'!M2/MAX('O-PTIR'!M:M) -> 0.0027202932 | N2: ='O-PTIR'!N2/MAX('O-PTIR'!N:N) -> 0.46923549 | O2: ='O-PTIR'!O2/MAX('O-PTIR'!O:O) -> 0.52828617 | P2: ='O-PTIR'!P2/MAX('O-PTIR'!P:P) -> -0.14071711 | Q2: ='O-PTIR'!Q2/MAX('O-PTIR'!Q:Q) -> 0.0090648509 | R2: ='O-PTIR'!R2/MAX('O-PTIR'!R:R) -> -0.12717512 | S2: ='O-PTIR'!S2/MAX('O-PTIR'!S:S) -> 0.034678876 | T2: ='O-PTIR'!T2/MAX('O-PTIR'!T:T) -> -0.082413297 | U2: ='O-PTIR'!U2/MAX('O-PTIR'!U:U) -> 0.0053050448 | V2: ='O-PTIR'!V2/MAX('O-PTIR'!V:V) -> 0.019400195 | W2: ='O-PTIR'!W2/MAX('O-PTIR'!W:W) -> 0.11872515 | X2: ='O-PTIR'!X2/MAX('O-PTIR'!X:X) -> 0.014891056 | Y2: ='O-PTIR'!Y2/MAX('O-PTIR'!Y:Y) -> 0.062091134 | Z2: ='O-PTIR'!Z2/MAX('O-PTIR'!Z:Z) -> -0.18602094 | AA2: ='O-PTIR'!AA2/MAX('O-PTIR'!AA:AA) -> 0.93222405 | AB2: ='O-PTIR'!AB2/MAX('O-PTIR'!AB:AB) -> -0.023185552 | AC2: ='O-PTIR'!AC2/MAX('O-PTIR'!AC:AC) -> -0.044567294 | AD2: ='O-PTIR'!AD2/MAX('O-PTIR'!AD:AD) -> -0.0074065677 | AE2: ='O-PTIR'!AE2/MAX('O-PTIR'!AE:AE) -> 0.0051344816 | AF2: ='O-PTIR'!AF2/MAX('O-PTIR'!AF:AF) -> 0.016437164 | AG2: ='O-PTIR'!AG2/MAX('O-PTIR'!AG:AG) -> -0.02719344 | AH2: ='O-PTIR'!AH2/MAX('O-PTIR'!AH:AH) -> 0.011893094 | AI2: ='O-PTIR'!AI2/MAX('O-PTIR'!AI:AI) -> -0.0038461779 | AJ2: ='O-PTIR'!AJ2/MAX('O-PTIR'!AJ:AJ) -> -0.5616955 | AK2: ='O-PTIR'!AK2/MAX('O-PTIR'!AK:AK) -> -0.12039919 | AL2: ='O-PTIR'!AL2/MAX('O-PTIR'!AL:AL) -> 0.23619242 | AM2: ='O-PTIR'!AM2/MAX('O-PTIR'!AM:AM) -> -0.068257983 | AN2: ='O-PTIR'!AN2/MAX('O-PTIR'!AN:AN) -> -0.011462801 | AO2: ='O-PTIR'!AO2/MAX('O-PTIR'!AO:AO) -> -0.0058161962 | AP2: ='O-PTIR'!AP2/MAX('O-PTIR'!AP:AP) -> 0.016028448 | AQ2: ='O-PTIR'!AQ2/MAX('O-PTIR'!AQ:AQ) -> 0.035206091 | AR2: ='O-PTIR'!AR2/MAX('O-PTIR'!AR:AR) -> -0.035369931 | AS2: ='O-PTIR'!AS2/MAX('O-PTIR'!AS:AS) -> -0.00457557 | AT2: ='O-PTIR'!AT2/MAX('O-PTIR'!AT:AT) -> 2.609672e-05 | AU2: ='O-PTIR'!AU2/MAX('O-PTIR'!AU:AU) -> -0.022809878 | AV2: ='O-PTIR'!AV2/MAX('O-PTIR'!AV:AV) -> 0.010691966 | AW2: ='O-PTIR'!AW2/MAX('O-PTIR'!AW:AW) -> 0.02646121 | AX2: ='O-PTIR'!AX2/MAX('O-PTIR'!AX:AX) -> -0.014511075 | AY2: ='O-PTIR'!AY2/MAX('O-PTIR'!AY:AY) -> -0.17617134 | AZ2: ='O-PTIR'!AZ2/MAX('O-PTIR'!AZ:AZ) -> -0.026805408 | BA2: ='O-PTIR'!BA2/MAX('O-PTIR'!BA:BA) -> -0.0042650077 | BB2: ='O-PTIR'!BB2/MAX('O-PTIR'!BB:BB) -> -0.0096354105 | BC2: ='O-PTIR'!BC2/MAX('O-PTIR'!BC:BC) -> 0.1819654 | BD2: ='O-PTIR'!BD2/MAX('O-PTIR'!BD:BD) -> -0.13305955 | BE2: ='O-PTIR'!BE2/MAX('O-PTIR'!BE:BE) -> 0.010839298 | BF2: ='O-PTIR'!BF2/MAX('O-PTIR'!BF:BF) -> 0.0018855972 | BG2: ='O-PTIR'!BG2/MAX('O-PTIR'!BG:BG) -> -0.0032088341 | BH2: ='O-PTIR'!BH2/MAX('O-PTIR'!BH:BH) -> 0.0086932157 | BI2: ='O-PTIR'!BI2/MAX('O-PTIR'!BI:BI) -> -0.019092127
A3: 950 | B3: ='O-PTIR'!B3/MAX('O-PTIR'!B:B) -> 0.21042107 | C3: ='O-PTIR'!C3/MAX('O-PTIR'!C:C) -> 0.030893127 | D3: ='O-PTIR'!D3/MAX('O-PTIR'!D:D) -> -0.1899193 | E3: ='O-PTIR'!E3/MAX('O-PTIR'!E:E) -> -0.13933285 | F3: ='O-PTIR'!F3/MAX('O-PTIR'!F:F) -> -0.10492593 | G3: ='O-PTIR'!G3/MAX('O-PTIR'!G:G) -> 0.81910224 | H3: ='O-PTIR'!H3/MAX('O-PTIR'!H:H) -> -1.1600659 | I3: ='O-PTIR'!I3/MAX('O-PTIR'!I:I) -> -2.1835705 | J3: ='O-PTIR'!J3/MAX('O-PTIR'!J:J) -> -0.027194498 | K3: ='O-PTIR'!K3/MAX('O-PTIR'!K:K) -> -0.025587161 | L3: ='O-PTIR'!L3/MAX('O-PTIR'!L:L) -> -0.25348047 | M3: ='O-PTIR'!M3/MAX('O-PTIR'!M:M) -> 0.00015927268 | N3: ='O-PTIR'!N3/MAX('O-PTIR'!N:N) -> 0.20938027 | O3: ='O-PTIR'!O3/MAX('O-PTIR'!O:O) -> 0.17696934 | P3: ='O-PTIR'!P3/MAX('O-PTIR'!P:P) -> -0.097534074 | Q3: ='O-PTIR'!Q3/MAX('O-PTIR'!Q:Q) -> 0.0095987768 | R3: ='O-PTIR'!R3/MAX('O-PTIR'!R:R) -> -0.5877497 | S3: ='O-PTIR'!S3/MAX('O-PTIR'!S:S) -> 0.11205121 | T3: ='O-PTIR'!T3/MAX('O-PTIR'!T:T) -> -0.012999947 | U3: ='O-PTIR'!U3/MAX('O-PTIR'!U:U) -> 0.0044606389 | V3: ='O-PTIR'!V3/MAX('O-PTIR'!V:V) -> 0.029838238 | W3: ='O-PTIR'!W3/MAX('O-PTIR'!W:W) -> 0.1923493 | X3: ='O-PTIR'!X3/MAX('O-PTIR'!X:X) -> -0.2572079 | Y3: ='O-PTIR'!Y3/MAX('O-PTIR'!Y:Y) -> 0.014613634 | Z3: ='O-PTIR'!Z3/MAX('O-PTIR'!Z:Z) -> -0.084036611 | AA3: ='O-PTIR'!AA3/MAX('O-PTIR'!AA:AA) -> -0.16477213 | AB3: ='O-PTIR'!AB3/MAX('O-PTIR'!AB:AB) -> -0.31793109 | AC3: ='O-PTIR'!AC3/MAX('O-PTIR'!AC:AC) -> -0.087009261 | AD3: ='O-PTIR'!AD3/MAX('O-PTIR'!AD:AD) -> 0.029651266 | AE3: ='O-PTIR'!AE3/MAX('O-PTIR'!AE:AE) -> 0.010276653 | AF3: ='O-PTIR'!AF3/MAX('O-PTIR'!AF:AF) -> 0.034485812 | AG3: ='O-PTIR'!AG3/MAX('O-PTIR'!AG:AG) -> -0.035928444 | AH3: ='O-PTIR'!AH3/MAX('O-PTIR'!AH:AH) -> 0.011234202 | AI3: ='O-PTIR'!AI3/MAX('O-PTIR'!AI:AI) -> 0.0066050104 | AJ3: ='O-PTIR'!AJ3/MAX('O-PTIR'!AJ:AJ) -> -0.42623076 | AK3: ='O-PTIR'!AK3/MAX('O-PTIR'!AK:AK) -> -0.66404636 | AL3: ='O-PTIR'!AL3/MAX('O-PTIR'!AL:AL) -> 0.21191343 | AM3: ='O-PTIR'!AM3/MAX('O-PTIR'!AM:AM) -> -0.035300434 | AN3: ='O-PTIR'!AN3/MAX('O-PTIR'!AN:AN) -> -0.037182955 | AO3: ='O-PTIR'!AO3/MAX('O-PTIR'!AO:AO) -> -0.0042468273 | AP3: ='O-PTIR'!AP3/MAX('O-PTIR'!AP:AP) -> 0.014555228 | AQ3: ='O-PTIR'!AQ3/MAX('O-PTIR'!AQ:AQ) -> 0.032479992 | AR3: ='O-PTIR'!AR3/MAX('O-PTIR'!AR:AR) -> 0.003119412 | AS3: ='O-PTIR'!AS3/MAX('O-PTIR'!AS:AS) -> -0.0024659718 | AT3: ='O-PTIR'!AT3/MAX('O-PTIR'!AT:AT) -> 0.00029252188 | AU3: ='O-PTIR'!AU3/MAX('O-PTIR'!AU:AU) -> 0.013371693 | AV3: ='O-PTIR'!AV3/MAX('O-PTIR'!AV:AV) -> 0.0044916167 | AW3: ='O-PTIR'!AW3/MAX('O-PTIR'!AW:AW) -> 0.019388612 | AX3: ='O-PTIR'!AX3/MAX('O-PTIR'!AX:AX) -> -0.010476601 | AY3: ='O-PTIR'!AY3/MAX('O-PTIR'!AY:AY) -> -0.10900126 | AZ3: ='O-PTIR'!AZ3/MAX('O-PTIR'!AZ:AZ) -> -0.017587658 | BA3: ='O-PTIR'!BA3/MAX('O-PTIR'!BA:BA) -> 0.0064390975 | BB3: ='O-PTIR'!BB3/MAX('O-PTIR'!BB:BB) -> -0.0029149193 | BC3: ='O-PTIR'!BC3/MAX('O-PTIR'!BC:BC) -> -0.23782451 | BD3: ='O-PTIR'!BD3/MAX('O-PTIR'!BD:BD) -> -0.19977962 | BE3: ='O-PTIR'!BE3/MAX('O-PTIR'!BE:BE) -> 0.10133146 | BF3: ='O-PTIR'!BF3/MAX('O-PTIR'!BF:BF) -> 0.0051490743 | BG3: ='O-PTIR'!BG3/MAX('O-PTIR'!BG:BG) -> -0.0036830914 | BH3: ='O-PTIR'!BH3/MAX('O-PTIR'!BH:BH) -> 0.015026974 | BI3: ='O-PTIR'!BI3/MAX('O-PTIR'!BI:BI) -> -0.029548171
A4: 952 | B4: ='O-PTIR'!B4/MAX('O-PTIR'!B:B) -> 0.026797156 | C4: ='O-PTIR'!C4/MAX('O-PTIR'!C:C) -> 0.072041008 | D4: ='O-PTIR'!D4/MAX('O-PTIR'!D:D) -> 0.23277832 | E4: ='O-PTIR'!E4/MAX('O-PTIR'!E:E) -> 0.16298702 | F4: ='O-PTIR'!F4/MAX('O-PTIR'!F:F) -> 0.29737133 | G4: ='O-PTIR'!G4/MAX('O-PTIR'!G:G) -> 0.51621435 | H4: ='O-PTIR'!H4/MAX('O-PTIR'!H:H) -> 0.5967884 | I4: ='O-PTIR'!I4/MAX('O-PTIR'!I:I) -> -1.1797728 | J4: ='O-PTIR'!J4/MAX('O-PTIR'!J:J) -> -0.43148272 | K4: ='O-PTIR'!K4/MAX('O-PTIR'!K:K) -> 0.015945649 | L4: ='O-PTIR'!L4/MAX('O-PTIR'!L:L) -> 1 | M4: ='O-PTIR'!M4/MAX('O-PTIR'!M:M) -> 0.0010217738 | N4: ='O-PTIR'!N4/MAX('O-PTIR'!N:N) -> 0.10661592 | O4: ='O-PTIR'!O4/MAX('O-PTIR'!O:O) -> 0.034992069 | P4: ='O-PTIR'!P4/MAX('O-PTIR'!P:P) -> -0.010727576 | Q4: ='O-PTIR'!Q4/MAX('O-PTIR'!Q:Q) -> 0.013584383 | R4: ='O-PTIR'!R4/MAX('O-PTIR'!R:R) -> -0.31280279 | S4: ='O-PTIR'!S4/MAX('O-PTIR'!S:S) -> 0.066921662 | T4: ='O-PTIR'!T4/MAX('O-PTIR'!T:T) -> -0.056729139 | U4: ='O-PTIR'!U4/MAX('O-PTIR'!U:U) -> 0.0026314131 | V4: ='O-PTIR'!V4/MAX('O-PTIR'!V:V) -> 0.0062852282 | W4: ='O-PTIR'!W4/MAX('O-PTIR'!W:W) -> 0.11305078 | X4: ='O-PTIR'!X4/MAX('O-PTIR'!X:X) -> -0.61310323 | Y4: ='O-PTIR'!Y4/MAX('O-PTIR'!Y:Y) -> -0.020047602 | Z4: ='O-PTIR'!Z4/MAX('O-PTIR'!Z:Z) -> 0.054988413 | AA4: ='O-PTIR'!AA4/MAX('O-PTIR'!AA:AA) -> -1.4786496 | AB4: ='O-PTIR'!AB4/MAX('O-PTIR'!AB:AB) -> -0.71404512 | AC4: ='O-PTIR'!AC4/MAX('O-PTIR'!AC:AC) -> -0.077788038 | AD4: ='O-PTIR'!AD4/MAX('O-PTIR'!AD:AD) -> 0.055182655 | AE4: ='O-PTIR'!AE4/MAX('O-PTIR'!AE:AE) -> -0.0018353925 | AF4: ='O-PTIR'!AF4/MAX('O-PTIR'!AF:AF) -> 0.03493924 | AG4: ='O-PTIR'!AG4/MAX('O-PTIR'!AG:AG) -> -0.0207067 | AH4: ='O-PTIR'!AH4/MAX('O-PTIR'!AH:AH) -> -0.011857891 | AI4: ='O-PTIR'!AI4/MAX('O-PTIR'!AI:AI) -> -0.0084182039 | AJ4: ='O-PTIR'!AJ4/MAX('O-PTIR'!AJ:AJ) -> -0.70094657 | AK4: ='O-PTIR'!AK4/MAX('O-PTIR'!AK:AK) -> -0.38179922 | AL4: ='O-PTIR'!AL4/MAX('O-PTIR'!AL:AL) -> 0.31428074 | AM4: ='O-PTIR'!AM4/MAX('O-PTIR'!AM:AM) -> -0.10827638 | AN4: ='O-PTIR'!AN4/MAX('O-PTIR'!AN:AN) -> -0.050523344 | AO4: ='O-PTIR'!AO4/MAX('O-PTIR'!AO:AO) -> 0.0014738181 | AP4: ='O-PTIR'!AP4/MAX('O-PTIR'!AP:AP) -> 0.01554807 | AQ4: ='O-PTIR'!AQ4/MAX('O-PTIR'!AQ:AQ) -> 0.035767481 | AR4: ='O-PTIR'!AR4/MAX('O-PTIR'!AR:AR) -> -0.00071511014 | AS4: ='O-PTIR'!AS4/MAX('O-PTIR'!AS:AS) -> 0.0073092773 | AT4: ='O-PTIR'!AT4/MAX('O-PTIR'!AT:AT) -> -0.00054011603 | AU4: ='O-PTIR'!AU4/MAX('O-PTIR'!AU:AU) -> 0.014522802 | AV4: ='O-PTIR'!AV4/MAX('O-PTIR'!AV:AV) -> 0.0085792075 | AW4: ='O-PTIR'!AW4/MAX('O-PTIR'!AW:AW) -> 0.02324944 | AX4: ='O-PTIR'!AX4/MAX('O-PTIR'!AX:AX) -> -0.013116733 | AY4: ='O-PTIR'!AY4/MAX('O-PTIR'!AY:AY) -> 0.034212915 | AZ4: ='O-PTIR'!AZ4/MAX('O-PTIR'!AZ:AZ) -> -0.009075442 | BA4: ='O-PTIR'!BA4/MAX('O-PTIR'!BA:BA) -> 0.004135984 | BB4: ='O-PTIR'!BB4/MAX('O-PTIR'!BB:BB) -> -0.0037218011 | BC4: ='O-PTIR'!BC4/MAX('O-PTIR'!BC:BC) -> -0.64259107 | BD4: ='O-PTIR'!BD4/MAX('O-PTIR'!BD:BD) -> -0.14357472 | BE4: ='O-PTIR'!BE4/MAX('O-PTIR'!BE:BE) -> 0.011318939 | BF4: ='O-PTIR'!BF4/MAX('O-PTIR'!BF:BF) -> -0.0018080558 | BG4: ='O-PTIR'!BG4/MAX('O-PTIR'!BG:BG) -> -0.0030766189 | BH4: ='O-PTIR'!BH4/MAX('O-PTIR'!BH:BH) -> 0.015534195 | BI4: ='O-PTIR'!BI4/MAX('O-PTIR'!BI:BI) -> -0.024218296
A5: 954 | B5: ='O-PTIR'!B5/MAX('O-PTIR'!B:B) -> 0.16960512 | C5: ='O-PTIR'!C5/MAX('O-PTIR'!C:C) -> 0.043017044 | D5: ='O-PTIR'!D5/MAX('O-PTIR'!D:D) -> 0.18981155 | E5: ='O-PTIR'!E5/MAX('O-PTIR'!E:E) -> 0.10818393 | F5: ='O-PTIR'!F5/MAX('O-PTIR'!F:F) -> -0.89325435 | G5: ='O-PTIR'!G5/MAX('O-PTIR'!G:G) -> 0.23526023 | H5: ='O-PTIR'!H5/MAX('O-PTIR'!H:H) -> 1 | I5: ='O-PTIR'!I5/MAX('O-PTIR'!I:I) -> -0.8894567 | J5: ='O-PTIR'!J5/MAX('O-PTIR'!J:J) -> -0.080362399 | K5: ='O-PTIR'!K5/MAX('O-PTIR'!K:K) -> -0.0046468379 | L5: ='O-PTIR'!L5/MAX('O-PTIR'!L:L) -> 0.62681349 | M5: ='O-PTIR'!M5/MAX('O-PTIR'!M:M) -> 0.00052893173 | N5: ='O-PTIR'!N5/MAX('O-PTIR'!N:N) -> 0.14312782 | O5: ='O-PTIR'!O5/MAX('O-PTIR'!O:O) -> -0.052436157 | P5: ='O-PTIR'!P5/MAX('O-PTIR'!P:P) -> -0.065474585 | Q5: ='O-PTIR'!Q5/MAX('O-PTIR'!Q:Q) -> 0.0022456236 | R5: ='O-PTIR'!R5/MAX('O-PTIR'!R:R) -> -0.39691021 | S5: ='O-PTIR'!S5/MAX('O-PTIR'!S:S) -> 0.044659715 | T5: ='O-PTIR'!T5/MAX('O-PTIR'!T:T) -> -0.041585363 | U5: ='O-PTIR'!U5/MAX('O-PTIR'!U:U) -> 0.00709098 | V5: ='O-PTIR'!V5/MAX('O-PTIR'!V:V) -> 0.031502756 | W5: ='O-PTIR'!W5/MAX('O-PTIR'!W:W) -> -0.018754836 | X5: ='O-PTIR'!X5/MAX('O-PTIR'!X:X) -> -0.17109323 | Y5: ='O-PTIR'!Y5/MAX('O-PTIR'!Y:Y) -> 0.0071472149 | Z5: ='O-PTIR'!Z5/MAX('O-PTIR'!Z:Z) -> 0.090177475 | AA5: ='O-PTIR'!AA5/MAX('O-PTIR'!AA:AA) -> 0.22485363 | AB5: ='O-PTIR'!AB5/MAX('O-PTIR'!AB:AB) -> -0.33747686 | AC5: ='O-PTIR'!AC5/MAX('O-PTIR'!AC:AC) -> -0.057877685 | AD5: ='O-PTIR'!AD5/MAX('O-PTIR'!AD:AD) -> 0.023941578 | AE5: ='O-PTIR'!AE5/MAX('O-PTIR'!AE:AE) -> -0.010791264 | AF5: ='O-PTIR'!AF5/MAX('O-PTIR'!AF:AF) -> 0.021059303 | AG5: ='O-PTIR'!AG5/MAX('O-PTIR'!AG:AG) -> 0.0079040844 | AH5: ='O-PTIR'!AH5/MAX('O-PTIR'!AH:AH) -> -0.014793772 | AI5: ='O-PTIR'!AI5/MAX('O-PTIR'!AI:AI) -> -0.017874235 | AJ5: ='O-PTIR'!AJ5/MAX('O-PTIR'!AJ:AJ) -> -0.54918783 | AK5: ='O-PTIR'!AK5/MAX('O-PTIR'!AK:AK) -> -0.74956549 | AL5: ='O-PTIR'!AL5/MAX('O-PTIR'!AL:AL) -> 0.2064329 | AM5: ='O-PTIR'!AM5/MAX('O-PTIR'!AM:AM) -> -0.15082679 | AN5: ='O-PTIR'!AN5/MAX('O-PTIR'!AN:AN) -> -0.0070858664 | AO5: ='O-PTIR'!AO5/MAX('O-PTIR'!AO:AO) -> 0.006166322 | AP5: ='O-PTIR'!AP5/MAX('O-PTIR'!AP:AP) -> 0.0095539723 | AQ5: ='O-PTIR'!AQ5/MAX('O-PTIR'!AQ:AQ) -> 0.015252371 | AR5: ='O-PTIR'!AR5/MAX('O-PTIR'!AR:AR) -> 0.0071264138 | AS5: ='O-PTIR'!AS5/MAX('O-PTIR'!AS:AS) -> 0.0017160755 | AT5: ='O-PTIR'!AT5/MAX('O-PTIR'!AT:AT) -> -0.0026561727 | AU5: ='O-PTIR'!AU5/MAX('O-PTIR'!AU:AU) -> -0.022300247 | AV5: ='O-PTIR'!AV5/MAX('O-PTIR'!AV:AV) -> -0.0082668522 | AW5: ='O-PTIR'!AW5/MAX('O-PTIR'!AW:AW) -> 0.0050330126 | AX5: ='O-PTIR'!AX5/MAX('O-PTIR'!AX:AX) -> -0.0078021691 | AY5: ='O-PTIR'!AY5/MAX('O-PTIR'!AY:AY) -> -0.30664316 | AZ5: ='O-PTIR'!AZ5/MAX('O-PTIR'!AZ:AZ) -> -0.01412126 | BA5: ='O-PTIR'!BA5/MAX('O-PTIR'!BA:BA) -> 0.029222645 | BB5: ='O-PTIR'!BB5/MAX('O-PTIR'!BB:BB) -> -0.0028397192 | BC5: ='O-PTIR'!BC5/MAX('O-PTIR'!BC:BC) -> -0.085550837 | BD5: ='O-PTIR'!BD5/MAX('O-PTIR'!BD:BD) -> -0.056006596 | BE5: ='O-PTIR'!BE5/MAX('O-PTIR'!BE:BE) -> -0.037086129 | BF5: ='O-PTIR'!BF5/MAX('O-PTIR'!BF:BF) -> 0.0053040095 | BG5: ='O-PTIR'!BG5/MAX('O-PTIR'!BG:BG) -> -0.001054126 | BH5: ='O-PTIR'!BH5/MAX('O-PTIR'!BH:BH) -> 0.017951491 | BI5: ='O-PTIR'!BI5/MAX('O-PTIR'!BI:BI) -> -0.015816593
A6: 956 | B6: ='O-PTIR'!B6/MAX('O-PTIR'!B:B) -> 0.1940449 | C6: ='O-PTIR'!C6/MAX('O-PTIR'!C:C) -> 0.0046384551 | D6: ='O-PTIR'!D6/MAX('O-PTIR'!D:D) -> 0.18156539 | E6: ='O-PTIR'!E6/MAX('O-PTIR'!E:E) -> 0.12192872 | F6: ='O-PTIR'!F6/MAX('O-PTIR'!F:F) -> -0.51711291 | G6: ='O-PTIR'!G6/MAX('O-PTIR'!G:G) -> 0.39376422 | H6: ='O-PTIR'!H6/MAX('O-PTIR'!H:H) -> 0.74781361 | I6: ='O-PTIR'!I6/MAX('O-PTIR'!I:I) -> -0.99572947 | J6: ='O-PTIR'!J6/MAX('O-PTIR'!J:J) -> -0.12433994 | K6: ='O-PTIR'!K6/MAX('O-PTIR'!K:K) -> -0.0087832674 | L6: ='O-PTIR'!L6/MAX('O-PTIR'!L:L) -> 0.25641486 | M6: ='O-PTIR'!M6/MAX('O-PTIR'!M:M) -> -0.0015545851 | N6: ='O-PTIR'!N6/MAX('O-PTIR'!N:N) -> 0.18901797 | O6: ='O-PTIR'!O6/MAX('O-PTIR'!O:O) -> 0.11346963 | P6: ='O-PTIR'!P6/MAX('O-PTIR'!P:P) -> -0.044227318 | Q6: ='O-PTIR'!Q6/MAX('O-PTIR'!Q:Q) -> -0.004000237 | R6: ='O-PTIR'!R6/MAX('O-PTIR'!R:R) -> -0.61090323 | S6: ='O-PTIR'!S6/MAX('O-PTIR'!S:S) -> -0.0077607021 | T6: ='O-PTIR'!T6/MAX('O-PTIR'!T:T) -> -0.027480941 | U6: ='O-PTIR'!U6/MAX('O-PTIR'!U:U) -> 0.013036889 | V6: ='O-PTIR'!V6/MAX('O-PTIR'!V:V) -> -0.026420569 | W6: ='O-PTIR'!W6/MAX('O-PTIR'!W:W) -> -0.01296716 | X6: ='O-PTIR'!X6/MAX('O-PTIR'!X:X) -> -0.55864775 | Y6: ='O-PTIR'!Y6/MAX('O-PTIR'!Y:Y) -> -0.00036352326 | Z6: ='O-PTIR'!Z6/MAX('O-PTIR'!Z:Z) -> -0.0032020842 | AA6: ='O-PTIR'!AA6/MAX('O-PTIR'!AA:AA) -> 0.23500046 | AB6: ='O-PTIR'!AB6/MAX('O-PTIR'!AB:AB) -> -0.16543512 | AC6: ='O-PTIR'!AC6/MAX('O-PTIR'!AC:AC) -> -0.041396778 | AD6: ='O-PTIR'!AD6/MAX('O-PTIR'!AD:AD) -> 0.0047579686 | AE6: ='O-PTIR'!AE6/MAX('O-PTIR'!AE:AE) -> -0.0030840156 | AF6: ='O-PTIR'!AF6/MAX('O-PTIR'!AF:AF) -> 0.019626395 | AG6: ='O-PTIR'!AG6/MAX('O-PTIR'!AG:AG) -> 0.016957596 | AH6: ='O-PTIR'!AH6/MAX('O-PTIR'!AH:AH) -> 0.007814074 | AI6: ='O-PTIR'!AI6/MAX('O-PTIR'!AI:AI) -> -0.017380539 | AJ6: ='O-PTIR'!AJ6/MAX('O-PTIR'!AJ:AJ) -> -0.85551081 | AK6: ='O-PTIR'!AK6/MAX('O-PTIR'!AK:AK) -> -0.49189485 | AL6: ='O-PTIR'!AL6/MAX('O-PTIR'!AL:AL) -> 0.056076211 | AM6: ='O-PTIR'!AM6/MAX('O-PTIR'!AM:AM) -> -0.096221172 | AN6: ='O-PTIR'!AN6/MAX('O-PTIR'!AN:AN) -> -0.030548977 | AO6: ='O-PTIR'!AO6/MAX('O-PTIR'!AO:AO) -> 0.0053494029 | AP6: ='O-PTIR'!AP6/MAX('O-PTIR'!AP:AP) -> 0.010715746 | AQ6: ='O-PTIR'!AQ6/MAX('O-PTIR'!AQ:AQ) -> 0.0010251967 | AR6: ='O-PTIR'!AR6/MAX('O-PTIR'!AR:AR) -> -0.016008036 | AS6: ='O-PTIR'!AS6/MAX('O-PTIR'!AS:AS) -> 0.019390224 | AT6: ='O-PTIR'!AT6/MAX('O-PTIR'!AT:AT) -> -0.0013809277 | AU6: ='O-PTIR'!AU6/MAX('O-PTIR'!AU:AU) -> 0.0035183135 | AV6: ='O-PTIR'!AV6/MAX('O-PTIR'!AV:AV) -> -0.018336034 | AW6: ='O-PTIR'!AW6/MAX('O-PTIR'!AW:AW) -> 0.0098879188 | AX6: ='O-PTIR'!AX6/MAX('O-PTIR'!AX:AX) -> -0.0035501256 | AY6: ='O-PTIR'!AY6/MAX('O-PTIR'!AY:AY) -> -0.47310911 | AZ6: ='O-PTIR'!AZ6/MAX('O-PTIR'!AZ:AZ) -> -0.0049858502 | BA6: ='O-PTIR'!BA6/MAX('O-PTIR'!BA:BA) -> -0.010280812 | BB6: ='O-PTIR'!BB6/MAX('O-PTIR'!BB:BB) -> -0.0058498958 | BC6: ='O-PTIR'!BC6/MAX('O-PTIR'!BC:BC) -> 0.20743997 | BD6: ='O-PTIR'!BD6/MAX('O-PTIR'!BD:BD) -> -0.13639243 | BE6: ='O-PTIR'!BE6/MAX('O-PTIR'!BE:BE) -> -0.19628494 | BF6: ='O-PTIR'!BF6/MAX('O-PTIR'!BF:BF) -> -0.0018458675 | BG6: ='O-PTIR'!BG6/MAX('O-PTIR'!BG:BG) -> -4.2431302e-05 | BH6: ='O-PTIR'!BH6/MAX('O-PTIR'!BH:BH) -> -0.0040029828 | BI6: ='O-PTIR'!BI6/MAX('O-PTIR'!BI:BI) -> -0.0095755315
A7: 958 | B7: ='O-PTIR'!B7/MAX('O-PTIR'!B:B) -> -0.016845544 | C7: ='O-PTIR'!C7/MAX('O-PTIR'!C:C) -> -0.032357522 | D7: ='O-PTIR'!D7/MAX('O-PTIR'!D:D) -> 0.041803035 | E7: ='O-PTIR'!E7/MAX('O-PTIR'!E:E) -> 0.23266011 | F7: ='O-PTIR'!F7/MAX('O-PTIR'!F:F) -> -0.35711872 | G7: ='O-PTIR'!G7/MAX('O-PTIR'!G:G) -> 0.23205037 | H7: ='O-PTIR'!H7/MAX('O-PTIR'!H:H) -> -1.1118178 | I7: ='O-PTIR'!I7/MAX('O-PTIR'!I:I) -> -0.53620983 | J7: ='O-PTIR'!J7/MAX('O-PTIR'!J:J) -> -0.29055874 | K7: ='O-PTIR'!K7/MAX('O-PTIR'!K:K) -> -0.026126107 | L7: ='O-PTIR'!L7/MAX('O-PTIR'!L:L) -> 0.45614458 | M7: ='O-PTIR'!M7/MAX('O-PTIR'!M:M) -> 0.00018998598 | N7: ='O-PTIR'!N7/MAX('O-PTIR'!N:N) -> 0.0041517913 | O7: ='O-PTIR'!O7/MAX('O-PTIR'!O:O) -> 0.19192142 | P7: ='O-PTIR'!P7/MAX('O-PTIR'!P:P) -> -0.038719286 | Q7: ='O-PTIR'!Q7/MAX('O-PTIR'!Q:Q) -> 0.0090495073 | R7: ='O-PTIR'!R7/MAX('O-PTIR'!R:R) -> -0.76954918 | S7: ='O-PTIR'!S7/MAX('O-PTIR'!S:S) -> 0.029697992 | T7: ='O-PTIR'!T7/MAX('O-PTIR'!T:T) -> -0.032336057 | U7: ='O-PTIR'!U7/MAX('O-PTIR'!U:U) -> 0.0041648687 | V7: ='O-PTIR'!V7/MAX('O-PTIR'!V:V) -> -0.015197319 | W7: ='O-PTIR'!W7/MAX('O-PTIR'!W:W) -> 0.035443509 | X7: ='O-PTIR'!X7/MAX('O-PTIR'!X:X) -> -0.13175288 | Y7: ='O-PTIR'!Y7/MAX('O-PTIR'!Y:Y) -> 0.0096334841 | Z7: ='O-PTIR'!Z7/MAX('O-PTIR'!Z:Z) -> -0.14065944 | AA7: ='O-PTIR'!AA7/MAX('O-PTIR'!AA:AA) -> 0.45042936 | AB7: ='O-PTIR'!AB7/MAX('O-PTIR'!AB:AB) -> 0.099020256 | AC7: ='O-PTIR'!AC7/MAX('O-PTIR'!AC:AC) -> -0.041247434 | AD7: ='O-PTIR'!AD7/MAX('O-PTIR'!AD:AD) -> 0.024939701 | AE7: ='O-PTIR'!AE7/MAX('O-PTIR'!AE:AE) -> -0.0030518491 | AF7: ='O-PTIR'!AF7/MAX('O-PTIR'!AF:AF) -> 0.0033284634 | AG7: ='O-PTIR'!AG7/MAX('O-PTIR'!AG:AG) -> 0.010147965 | AH7: ='O-PTIR'!AH7/MAX('O-PTIR'!AH:AH) -> 0.011407591 | AI7: ='O-PTIR'!AI7/MAX('O-PTIR'!AI:AI) -> -0.053467916 | AJ7: ='O-PTIR'!AJ7/MAX('O-PTIR'!AJ:AJ) -> -0.7369983 | AK7: ='O-PTIR'!AK7/MAX('O-PTIR'!AK:AK) -> -0.078922032 | AL7: ='O-PTIR'!AL7/MAX('O-PTIR'!AL:AL) -> 0.014614427 | AM7: ='O-PTIR'!AM7/MAX('O-PTIR'!AM:AM) -> -0.0610213 | AN7: ='O-PTIR'!AN7/MAX('O-PTIR'!AN:AN) -> -0.012619196 | AO7: ='O-PTIR'!AO7/MAX('O-PTIR'!AO:AO) -> 0.0055692628 | AP7: ='O-PTIR'!AP7/MAX('O-PTIR'!AP:AP) -> 0.0054530286 | AQ7: ='O-PTIR'!AQ7/MAX('O-PTIR'!AQ:AQ) -> 0.0084831384 | AR7: ='O-PTIR'!AR7/MAX('O-PTIR'!AR:AR) -> -0.020599668 | AS7: ='O-PTIR'!AS7/MAX('O-PTIR'!AS:AS) -> -0.01065494 | AT7: ='O-PTIR'!AT7/MAX('O-PTIR'!AT:AT) -> -0.00010660419 | AU7: ='O-PTIR'!AU7/MAX('O-PTIR'!AU:AU) -> 0.0046164957 | AV7: ='O-PTIR'!AV7/MAX('O-PTIR'!AV:AV) -> -0.015741991 | AW7: ='O-PTIR'!AW7/MAX('O-PTIR'!AW:AW) -> 0.015508577 | AX7: ='O-PTIR'!AX7/MAX('O-PTIR'!AX:AX) -> -0.0016688842 | AY7: ='O-PTIR'!AY7/MAX('O-PTIR'!AY:AY) -> -0.0056899296 | AZ7: ='O-PTIR'!AZ7/MAX('O-PTIR'!AZ:AZ) -> 0.0054009144 | BA7: ='O-PTIR'!BA7/MAX('O-PTIR'!BA:BA) -> -0.011737838 | BB7: ='O-PTIR'!BB7/MAX('O-PTIR'!BB:BB) -> -0.0058794577 | BC7: ='O-PTIR'!BC7/MAX('O-PTIR'!BC:BC) -> -0.20255146 | BD7: ='O-PTIR'!BD7/MAX('O-PTIR'!BD:BD) -> -0.09961328 | BE7: ='O-PTIR'!BE7/MAX('O-PTIR'!BE:BE) -> -0.11693382 | BF7: ='O-PTIR'!BF7/MAX('O-PTIR'!BF:BF) -> -0.0084743696 | BG7: ='O-PTIR'!BG7/MAX('O-PTIR'!BG:BG) -> -0.00060188823 | BH7: ='O-PTIR'!BH7/MAX('O-PTIR'!BH:BH) -> 0.0022328538 | BI7: ='O-PTIR'!BI7/MAX('O-PTIR'!BI:BI) -> -0.0012679336
A8: 960 | B8: ='O-PTIR'!B8/MAX('O-PTIR'!B:B) -> 0.11691427 | C8: ='O-PTIR'!C8/MAX('O-PTIR'!C:C) -> 0.0044911368 | D8: ='O-PTIR'!D8/MAX('O-PTIR'!D:D) -> 0.057336963 | E8: ='O-PTIR'!E8/MAX('O-PTIR'!E:E) -> 0.11077782 | F8: ='O-PTIR'!F8/MAX('O-PTIR'!F:F) -> -0.51249924 | G8: ='O-PTIR'!G8/MAX('O-PTIR'!G:G) -> 0.10032692 | H8: ='O-PTIR'!H8/MAX('O-PTIR'!H:H) -> -1.8676475 | I8: ='O-PTIR'!I8/MAX('O-PTIR'!I:I) -> -0.86830498 | J8: ='O-PTIR'!J8/MAX('O-PTIR'!J:J) -> -0.03625622 | K8: ='O-PTIR'!K8/MAX('O-PTIR'!K:K) -> -0.020365718 | L8: ='O-PTIR'!L8/MAX('O-PTIR'!L:L) -> 0.10456542 | M8: ='O-PTIR'!M8/MAX('O-PTIR'!M:M) -> -0.00049310703 | N8: ='O-PTIR'!N8/MAX('O-PTIR'!N:N) -> 0.17192215 | O8: ='O-PTIR'!O8/MAX('O-PTIR'!O:O) -> -0.043569385 | P8: ='O-PTIR'!P8/MAX('O-PTIR'!P:P) -> -0.070723983 | Q8: ='O-PTIR'!Q8/MAX('O-PTIR'!Q:Q) -> 0.005343249 | R8: ='O-PTIR'!R8/MAX('O-PTIR'!R:R) -> 0.085547038 | S8: ='O-PTIR'!S8/MAX('O-PTIR'!S:S) -> 0.015480747 | T8: ='O-PTIR'!T8/MAX('O-PTIR'!T:T) -> -0.043116326 | U8: ='O-PTIR'!U8/MAX('O-PTIR'!U:U) -> 0.0027962329 | V8: ='O-PTIR'!V8/MAX('O-PTIR'!V:V) -> -0.019773203 | W8: ='O-PTIR'!W8/MAX('O-PTIR'!W:W) -> -0.0010406777 | X8: ='O-PTIR'!X8/MAX('O-PTIR'!X:X) -> -0.086094662 | Y8: ='O-PTIR'!Y8/MAX('O-PTIR'!Y:Y) -> 0.017329356 | Z8: ='O-PTIR'!Z8/MAX('O-PTIR'!Z:Z) -> -0.083083628 | AA8: ='O-PTIR'!AA8/MAX('O-PTIR'!AA:AA) -> 0.056063588 | AB8: ='O-PTIR'!AB8/MAX('O-PTIR'!AB:AB) -> 0.016418927 | AC8: ='O-PTIR'!AC8/MAX('O-PTIR'!AC:AC) -> -0.064617824 | AD8: ='O-PTIR'!AD8/MAX('O-PTIR'!AD:AD) -> 0.0052979198 | AE8: ='O-PTIR'!AE8/MAX('O-PTIR'!AE:AE) -> -0.0076011641 | AF8: ='O-PTIR'!AF8/MAX('O-PTIR'!AF:AF) -> -0.006731261 | AG8: ='O-PTIR'!AG8/MAX('O-PTIR'!AG:AG) -> -0.0054221445 | AH8: ='O-PTIR'!AH8/MAX('O-PTIR'!AH:AH) -> 0.0061526227 | AI8: ='O-PTIR'!AI8/MAX('O-PTIR'!AI:AI) -> -0.027379105 | AJ8: ='O-PTIR'!AJ8/MAX('O-PTIR'!AJ:AJ) -> -0.68931571 | AK8: ='O-PTIR'!AK8/MAX('O-PTIR'!AK:AK) -> -0.33710933 | AL8: ='O-PTIR'!AL8/MAX('O-PTIR'!AL:AL) -> -0.056491277 | AM8: ='O-PTIR'!AM8/MAX('O-PTIR'!AM:AM) -> 0.0002141652 | AN8: ='O-PTIR'!AN8/MAX('O-PTIR'!AN:AN) -> -0.0058831236 | AO8: ='O-PTIR'!AO8/MAX('O-PTIR'!AO:AO) -> 0.0052938442 | AP8: ='O-PTIR'!AP8/MAX('O-PTIR'!AP:AP) -> 0.005763851 | AQ8: ='O-PTIR'!AQ8/MAX('O-PTIR'!AQ:AQ) -> 0.0084975692 | AR8: ='O-PTIR'!AR8/MAX('O-PTIR'!AR:AR) -> -0.012124938 | AS8: ='O-PTIR'!AS8/MAX('O-PTIR'!AS:AS) -> -0.0082797017 | AT8: ='O-PTIR'!AT8/MAX('O-PTIR'!AT:AT) -> -0.00038084645 | AU8: ='O-PTIR'!AU8/MAX('O-PTIR'!AU:AU) -> 0.0032334949 | AV8: ='O-PTIR'!AV8/MAX('O-PTIR'!AV:AV) -> -0.0095364401 | AW8: ='O-PTIR'!AW8/MAX('O-PTIR'!AW:AW) -> 0.0016930355 | AX8: ='O-PTIR'!AX8/MAX('O-PTIR'!AX:AX) -> 0.0018693263 | AY8: ='O-PTIR'!AY8/MAX('O-PTIR'!AY:AY) -> -0.07717575 | AZ8: ='O-PTIR'!AZ8/MAX('O-PTIR'!AZ:AZ) -> -0.0021427543 | BA8: ='O-PTIR'!BA8/MAX('O-PTIR'!BA:BA) -> -0.0092910724 | BB8: ='O-PTIR'!BB8/MAX('O-PTIR'!BB:BB) -> -0.0039681293 | BC8: ='O-PTIR'!BC8/MAX('O-PTIR'!BC:BC) -> 0.085394062 | BD8: ='O-PTIR'!BD8/MAX('O-PTIR'!BD:BD) -> -0.012245679 | BE8: ='O-PTIR'!BE8/MAX('O-PTIR'!BE:BE) -> -0.1230886 | BF8: ='O-PTIR'!BF8/MAX('O-PTIR'!BF:BF) -> 0.0054084806 | BG8: ='O-PTIR'!BG8/MAX('O-PTIR'!BG:BG) -> -0.00040488691 | BH8: ='O-PTIR'!BH8/MAX('O-PTIR'!BH:BH) -> 0.0041485033 | BI8: ='O-PTIR'!BI8/MAX('O-PTIR'!BI:BI) -> 0.0026994615
A9: 962 | B9: ='O-PTIR'!B9/MAX('O-PTIR'!B:B) -> 0.064095013 | C9: ='O-PTIR'!C9/MAX('O-PTIR'!C:C) -> 0.049881944 | D9: ='O-PTIR'!D9/MAX('O-PTIR'!D:D) -> 0.096819358 | E9: ='O-PTIR'!E9/MAX('O-PTIR'!E:E) -> 0.26914673 | F9: ='O-PTIR'!F9/MAX('O-PTIR'!F:F) -> -0.74482653 | G9: ='O-PTIR'!G9/MAX('O-PTIR'!G:G) -> 0.37855411 | H9: ='O-PTIR'!H9/MAX('O-PTIR'!H:H) -> -0.32737616 | I9: ='O-PTIR'!I9/MAX('O-PTIR'!I:I) -> -0.57490321 | J9: ='O-PTIR'!J9/MAX('O-PTIR'!J:J) -> -0.0026062238 | K9: ='O-PTIR'!K9/MAX('O-PTIR'!K:K) -> 0.0099138934 | L9: ='O-PTIR'!L9/MAX('O-PTIR'!L:L) -> 0.090120484 | M9: ='O-PTIR'!M9/MAX('O-PTIR'!M:M) -> 0.00030596106 | N9: ='O-PTIR'!N9/MAX('O-PTIR'!N:N) -> 0.22420988 | O9: ='O-PTIR'!O9/MAX('O-PTIR'!O:O) -> -0.16031898 | P9: ='O-PTIR'!P9/MAX('O-PTIR'!P:P) -> -0.021298978 | Q9: ='O-PTIR'!Q9/MAX('O-PTIR'!Q:Q) -> 0.0023752495 | R9: ='O-PTIR'!R9/MAX('O-PTIR'!R:R) -> 0.22126533 | S9: ='O-PTIR'!S9/MAX('O-PTIR'!S:S) -> -0.0015628825 | T9: ='O-PTIR'!T9/MAX('O-PTIR'!T:T) -> -0.023946657 | U9: ='O-PTIR'!U9/MAX('O-PTIR'!U:U) -> 0.0027181312 | V9: ='O-PTIR'!V9/MAX('O-PTIR'!V:V) -> -0.047886263 | W9: ='O-PTIR'!W9/MAX('O-PTIR'!W:W) -> -0.0052341062 | X9: ='O-PTIR'!X9/MAX('O-PTIR'!X:X) -> -0.060009424 | Y9: ='O-PTIR'!Y9/MAX('O-PTIR'!Y:Y) -> 0.013991994 | Z9: ='O-PTIR'!Z9/MAX('O-PTIR'!Z:Z) -> -0.0067428257 | AA9: ='O-PTIR'!AA9/MAX('O-PTIR'!AA:AA) -> -0.036679 | AB9: ='O-PTIR'!AB9/MAX('O-PTIR'!AB:AB) -> 0.32158333 | AC9: ='O-PTIR'!AC9/MAX('O-PTIR'!AC:AC) -> -0.034970561 | AD9: ='O-PTIR'!AD9/MAX('O-PTIR'!AD:AD) -> 0.0038220892 | AE9: ='O-PTIR'!AE9/MAX('O-PTIR'!AE:AE) -> -0.0048770617 | AF9: ='O-PTIR'!AF9/MAX('O-PTIR'!AF:AF) -> -0.0031878908 | AG9: ='O-PTIR'!AG9/MAX('O-PTIR'!AG:AG) -> 0.0056699163 | AH9: ='O-PTIR'!AH9/MAX('O-PTIR'!AH:AH) -> -0.0024599474 | AI9: ='O-PTIR'!AI9/MAX('O-PTIR'!AI:AI) -> -0.00018002763 | AJ9: ='O-PTIR'!AJ9/MAX('O-PTIR'!AJ:AJ) -> -0.42210967 | AK9: ='O-PTIR'!AK9/MAX('O-PTIR'!AK:AK) -> -0.31083839 | AL9: ='O-PTIR'!AL9/MAX('O-PTIR'!AL:AL) -> 0.057680981 | AM9: ='O-PTIR'!AM9/MAX('O-PTIR'!AM:AM) -> -0.026945677 | AN9: ='O-PTIR'!AN9/MAX('O-PTIR'!AN:AN) -> 0.017629406 | AO9: ='O-PTIR'!AO9/MAX('O-PTIR'!AO:AO) -> 0.0031684969 | AP9: ='O-PTIR'!AP9/MAX('O-PTIR'!AP:AP) -> 0.0031157982 | AQ9: ='O-PTIR'!AQ9/MAX('O-PTIR'!AQ:AQ) -> 0.010300307 | AR9: ='O-PTIR'!AR9/MAX('O-PTIR'!AR:AR) -> 0.0096554281 | AS9: ='O-PTIR'!AS9/MAX('O-PTIR'!AS:AS) -> -0.0066257592 | AT9: ='O-PTIR'!AT9/MAX('O-PTIR'!AT:AT) -> -6.7837019e-05 | AU9: ='O-PTIR'!AU9/MAX('O-PTIR'!AU:AU) -> 0.016531297 | AV9: ='O-PTIR'!AV9/MAX('O-PTIR'!AV:AV) -> 0.0045684163 | AW9: ='O-PTIR'!AW9/MAX('O-PTIR'!AW:AW) -> -0.0066786387 | AX9: ='O-PTIR'!AX9/MAX('O-PTIR'!AX:AX) -> 0.0019645737 | AY9: ='O-PTIR'!AY9/MAX('O-PTIR'!AY:AY) -> -0.050597185 | AZ9: ='O-PTIR'!AZ9/MAX('O-PTIR'!AZ:AZ) -> 0.0060727414 | BA9: ='O-PTIR'!BA9/MAX('O-PTIR'!BA:BA) -> -0.017319527 | BB9: ='O-PTIR'!BB9/MAX('O-PTIR'!BB:BB) -> -0.005402214 | BC9: ='O-PTIR'!BC9/MAX('O-PTIR'!BC:BC) -> -0.020398673 | BD9: ='O-PTIR'!BD9/MAX('O-PTIR'!BD:BD) -> -0.085628073 | BE9: ='O-PTIR'!BE9/MAX('O-PTIR'!BE:BE) -> 0.02242658 | BF9: ='O-PTIR'!BF9/MAX('O-PTIR'!BF:BF) -> 0.0012857754 | BG9: ='O-PTIR'!BG9/MAX('O-PTIR'!BG:BG) -> -0.00032554702 | BH9: ='O-PTIR'!BH9/MAX('O-PTIR'!BH:BH) -> -0.0056797684 | BI9: ='O-PTIR'!BI9/MAX('O-PTIR'!BI:BI) -> -0.0049257315
A10: 964 | B10: ='O-PTIR'!B10/MAX('O-PTIR'!B:B) -> 0.14758805 | C10: ='O-PTIR'!C10/MAX('O-PTIR'!C:C) -> 0.042593889 | D10: ='O-PTIR'!D10/MAX('O-PTIR'!D:D) -> 0.11400462 | E10: ='O-PTIR'!E10/MAX('O-PTIR'!E:E) -> -0.048542674 | F10: ='O-PTIR'!F10/MAX('O-PTIR'!F:F) -> -0.32909759 | G10: ='O-PTIR'!G10/MAX('O-PTIR'!G:G) -> 0.26378777 | H10: ='O-PTIR'!H10/MAX('O-PTIR'!H:H) -> -0.57538543 | I10: ='O-PTIR'!I10/MAX('O-PTIR'!I:I) -> -0.23112286 | J10: ='O-PTIR'!J10/MAX('O-PTIR'!J:J) -> 0.13356257 | K10: ='O-PTIR'!K10/MAX('O-PTIR'!K:K) -> -0.0012368268 | L10: ='O-PTIR'!L10/MAX('O-PTIR'!L:L) -> -0.076014404 | M10: ='O-PTIR'!M10/MAX('O-PTIR'!M:M) -> 0.00025154995 | N10: ='O-PTIR'!N10/MAX('O-PTIR'!N:N) -> 0.25546384 | O10: ='O-PTIR'!O10/MAX('O-PTIR'!O:O) -> -0.13631867 | P10: ='O-PTIR'!P10/MAX('O-PTIR'!P:P) -> -0.0012935201 | Q10: ='O-PTIR'!Q10/MAX('O-PTIR'!Q:Q) -> 0.00092227916 | R10: ='O-PTIR'!R10/MAX('O-PTIR'!R:R) -> 0.065253573 | S10: ='O-PTIR'!S10/MAX('O-PTIR'!S:S) -> -0.0078113237 | T10: ='O-PTIR'!T10/MAX('O-PTIR'!T:T) -> -0.019089963 | U10: ='O-PTIR'!U10/MAX('O-PTIR'!U:U) -> 0.0034673642 | V10: ='O-PTIR'!V10/MAX('O-PTIR'!V:V) -> -0.022335324 | W10: ='O-PTIR'!W10/MAX('O-PTIR'!W:W) -> 0.015070716 | X10: ='O-PTIR'!X10/MAX('O-PTIR'!X:X) -> -0.090090714 | Y10: ='O-PTIR'!Y10/MAX('O-PTIR'!Y:Y) -> 0.011981137 | Z10: ='O-PTIR'!Z10/MAX('O-PTIR'!Z:Z) -> -0.02887701 | AA10: ='O-PTIR'!AA10/MAX('O-PTIR'!AA:AA) -> -0.046000187 | AB10: ='O-PTIR'!AB10/MAX('O-PTIR'!AB:AB) -> -0.04535587 | AC10: ='O-PTIR'!AC10/MAX('O-PTIR'!AC:AC) -> -0.021454704 | AD10: ='O-PTIR'!AD10/MAX('O-PTIR'!AD:AD) -> 0.017070143 | AE10: ='O-PTIR'!AE10/MAX('O-PTIR'!AE:AE) -> 0.0023093183 | AF10: ='O-PTIR'!AF10/MAX('O-PTIR'!AF:AF) -> 0.0086958547 | AG10: ='O-PTIR'!AG10/MAX('O-PTIR'!AG:AG) -> -0.0035702453 | AH10: ='O-PTIR'!AH10/MAX('O-PTIR'!AH:AH) -> -0.0088421004 | AI10: ='O-PTIR'!AI10/MAX('O-PTIR'!AI:AI) -> 0.026100645 | AJ10: ='O-PTIR'!AJ10/MAX('O-PTIR'!AJ:AJ) -> -0.29104804 | AK10: ='O-PTIR'!AK10/MAX('O-PTIR'!AK:AK) -> -0.3216454 | AL10: ='O-PTIR'!AL10/MAX('O-PTIR'!AL:AL) -> -0.0050456557 | AM10: ='O-PTIR'!AM10/MAX('O-PTIR'!AM:AM) -> -0.0050790549 | AN10: ='O-PTIR'!AN10/MAX('O-PTIR'!AN:AN) -> 0.0028039484 | AO10: ='O-PTIR'!AO10/MAX('O-PTIR'!AO:AO) -> -0.0027594491 | AP10: ='O-PTIR'!AP10/MAX('O-PTIR'!AP:AP) -> -0.00099519082 | AQ10: ='O-PTIR'!AQ10/MAX('O-PTIR'!AQ:AQ) -> 0.0030142471 | AR10: ='O-PTIR'!AR10/MAX('O-PTIR'!AR:AR) -> 0.0065435317 | AS10: ='O-PTIR'!AS10/MAX('O-PTIR'!AS:AS) -> 0.0011259696 | AT10: ='O-PTIR'!AT10/MAX('O-PTIR'!AT:AT) -> -8.2713288e-05 | AU10: ='O-PTIR'!AU10/MAX('O-PTIR'!AU:AU) -> 0.0078288415 | AV10: ='O-PTIR'!AV10/MAX('O-PTIR'!AV:AV) -> 0.0069809414 | AW10: ='O-PTIR'!AW10/MAX('O-PTIR'!AW:AW) -> -0.0076570635 | AX10: ='O-PTIR'!AX10/MAX('O-PTIR'!AX:AX) -> -0.0032838731 | AY10: ='O-PTIR'!AY10/MAX('O-PTIR'!AY:AY) -> -0.059714237 | AZ10: ='O-PTIR'!AZ10/MAX('O-PTIR'!AZ:AZ) -> 0.0017169755 | BA10: ='O-PTIR'!BA10/MAX('O-PTIR'!BA:BA) -> 0.00079047143 | BB10: ='O-PTIR'!BB10/MAX('O-PTIR'!BB:BB) -> -0.001686429 | BC10: ='O-PTIR'!BC10/MAX('O-PTIR'!BC:BC) -> 0.17065712 | BD10: ='O-PTIR'!BD10/MAX('O-PTIR'!BD:BD) -> -0.078304005 | BE10: ='O-PTIR'!BE10/MAX('O-PTIR'!BE:BE) -> 0.025891461 | BF10: ='O-PTIR'!BF10/MAX('O-PTIR'!BF:BF) -> -0.00095123715 | BG10: ='O-PTIR'!BG10/MAX('O-PTIR'!BG:BG) -> -0.00033264673 | BH10: ='O-PTIR'!BH10/MAX('O-PTIR'!BH:BH) -> -0.00051922528 | BI10: ='O-PTIR'!BI10/MAX('O-PTIR'!BI:BI) -> -0.0040554978
A11: 966 | B11: ='O-PTIR'!B11/MAX('O-PTIR'!B:B) -> 0.07538505 | C11: ='O-PTIR'!C11/MAX('O-PTIR'!C:C) -> 0.0071237131 | D11: ='O-PTIR'!D11/MAX('O-PTIR'!D:D) -> 0.15357092 | E11: ='O-PTIR'!E11/MAX('O-PTIR'!E:E) -> -0.022014835 | F11: ='O-PTIR'!F11/MAX('O-PTIR'!F:F) -> -0.15223258 | G11: ='O-PTIR'!G11/MAX('O-PTIR'!G:G) -> 0.20504686 | H11: ='O-PTIR'!H11/MAX('O-PTIR'!H:H) -> -0.74198397 | I11: ='O-PTIR'!I11/MAX('O-PTIR'!I:I) -> 0.11093183 | J11: ='O-PTIR'!J11/MAX('O-PTIR'!J:J) -> -0.0067180588 | K11: ='O-PTIR'!K11/MAX('O-PTIR'!K:K) -> -0.011855942 | L11: ='O-PTIR'!L11/MAX('O-PTIR'!L:L) -> -0.064179295 | M11: ='O-PTIR'!M11/MAX('O-PTIR'!M:M) -> 0.00024641275 | N11: ='O-PTIR'!N11/MAX('O-PTIR'!N:N) -> 0.21371514 | O11: ='O-PTIR'!O11/MAX('O-PTIR'!O:O) -> -0.040728305 | P11: ='O-PTIR'!P11/MAX('O-PTIR'!P:P) -> -0.018860666 | Q11: ='O-PTIR'!Q11/MAX('O-PTIR'!Q:Q) -> 4.6678157e-05 | R11: ='O-PTIR'!R11/MAX('O-PTIR'!R:R) -> 0.043123984 | S11: ='O-PTIR'!S11/MAX('O-PTIR'!S:S) -> 0.0073164692 | T11: ='O-PTIR'!T11/MAX('O-PTIR'!T:T) -> -0.011970473 | U11: ='O-PTIR'!U11/MAX('O-PTIR'!U:U) -> 0.0046483421 | V11: ='O-PTIR'!V11/MAX('O-PTIR'!V:V) -> -0.014769291 | W11: ='O-PTIR'!W11/MAX('O-PTIR'!W:W) -> -0.0079002517 | X11: ='O-PTIR'!X11/MAX('O-PTIR'!X:X) -> -0.016909082 | Y11: ='O-PTIR'!Y11/MAX('O-PTIR'!Y:Y) -> 0.0086009524 | Z11: ='O-PTIR'!Z11/MAX('O-PTIR'!Z:Z) -> -0.038743783 | AA11: ='O-PTIR'!AA11/MAX('O-PTIR'!AA:AA) -> -0.0054872842 | AB11: ='O-PTIR'!AB11/MAX('O-PTIR'!AB:AB) -> -0.148276 | AC11: ='O-PTIR'!AC11/MAX('O-PTIR'!AC:AC) -> -0.0096196822 | AD11: ='O-PTIR'!AD11/MAX('O-PTIR'!AD:AD) -> 0.017944046 | AE11: ='O-PTIR'!AE11/MAX('O-PTIR'!AE:AE) -> -0.0047103872 | AF11: ='O-PTIR'!AF11/MAX('O-PTIR'!AF:AF) -> 0.0028551554 | AG11: ='O-PTIR'!AG11/MAX('O-PTIR'!AG:AG) -> 0.0023767366 | AH11: ='O-PTIR'!AH11/MAX('O-PTIR'!AH:AH) -> -0.0030655432 | AI11: ='O-PTIR'!AI11/MAX('O-PTIR'!AI:AI) -> -0.00072950234 | AJ11: ='O-PTIR'!AJ11/MAX('O-PTIR'!AJ:AJ) -> -0.42928909 | AK11: ='O-PTIR'!AK11/MAX('O-PTIR'!AK:AK) -> -0.052566661 | AL11: ='O-PTIR'!AL11/MAX('O-PTIR'!AL:AL) -> -0.077943505 | AM11: ='O-PTIR'!AM11/MAX('O-PTIR'!AM:AM) -> -0.056543448 | AN11: ='O-PTIR'!AN11/MAX('O-PTIR'!AN:AN) -> -0.0092173752 | AO11: ='O-PTIR'!AO11/MAX('O-PTIR'!AO:AO) -> 0.0020626682 | AP11: ='O-PTIR'!AP11/MAX('O-PTIR'!AP:AP) -> -0.0028868001 | AQ11: ='O-PTIR'!AQ11/MAX('O-PTIR'!AQ:AQ) -> -0.00047926677 | AR11: ='O-PTIR'!AR11/MAX('O-PTIR'!AR:AR) -> 0.0084876302 | AS11: ='O-PTIR'!AS11/MAX('O-PTIR'!AS:AS) -> -0.0013140597 | AT11: ='O-PTIR'!AT11/MAX('O-PTIR'!AT:AT) -> 0.00075018468 | AU11: ='O-PTIR'!AU11/MAX('O-PTIR'!AU:AU) -> 0.0043023075 | AV11: ='O-PTIR'!AV11/MAX('O-PTIR'!AV:AV) -> 0.00040935097 | AW11: ='O-PTIR'!AW11/MAX('O-PTIR'!AW:AW) -> -0.0056896342 | AX11: ='O-PTIR'!AX11/MAX('O-PTIR'!AX:AX) -> -0.0026083593 | AY11: ='O-PTIR'!AY11/MAX('O-PTIR'!AY:AY) -> -0.11737179 | AZ11: ='O-PTIR'!AZ11/MAX('O-PTIR'!AZ:AZ) -> 0.00011819835 | BA11: ='O-PTIR'!BA11/MAX('O-PTIR'!BA:BA) -> 0.005865343 | BB11: ='O-PTIR'!BB11/MAX('O-PTIR'!BB:BB) -> -0.0021441446 | BC11: ='O-PTIR'!BC11/MAX('O-PTIR'!BC:BC) -> 0.066200882 | BD11: ='O-PTIR'!BD11/MAX('O-PTIR'!BD:BD) -> -0.048173975 | BE11: ='O-PTIR'!BE11/MAX('O-PTIR'!BE:BE) -> 0.04321278 | BF11: ='O-PTIR'!BF11/MAX('O-PTIR'!BF:BF) -> -0.005774556 | BG11: ='O-PTIR'!BG11/MAX('O-PTIR'!BG:BG) -> -0.00018089659 | BH11: ='O-PTIR'!BH11/MAX('O-PTIR'!BH:BH) -> 0.00090019907 | BI11: ='O-PTIR'!BI11/MAX('O-PTIR'!BI:BI) -> -0.0040046439
A12: 968 | B12: ='O-PTIR'!B12/MAX('O-PTIR'!B:B) -> 0.046604409 | C12: ='O-PTIR'!C12/MAX('O-PTIR'!C:C) -> -0.032361737 | D12: ='O-PTIR'!D12/MAX('O-PTIR'!D:D) -> 0.059042343 | E12: ='O-PTIR'!E12/MAX('O-PTIR'!E:E) -> -0.073823729 | F12: ='O-PTIR'!F12/MAX('O-PTIR'!F:F) -> -0.33833491 | G12: ='O-PTIR'!G12/MAX('O-PTIR'!G:G) -> 0.24474595 | H12: ='O-PTIR'!H12/MAX('O-PTIR'!H:H) -> -0.67647402 | I12: ='O-PTIR'!I12/MAX('O-PTIR'!I:I) -> -0.54282669 | J12: ='O-PTIR'!J12/MAX('O-PTIR'!J:J) -> -0.15050859 | K12: ='O-PTIR'!K12/MAX('O-PTIR'!K:K) -> 0.0033297042 | L12: ='O-PTIR'!L12/MAX('O-PTIR'!L:L) -> -0.26614519 | M12: ='O-PTIR'!M12/MAX('O-PTIR'!M:M) -> -0.00041423914 | N12: ='O-PTIR'!N12/MAX('O-PTIR'!N:N) -> 0.22647702 | O12: ='O-PTIR'!O12/MAX('O-PTIR'!O:O) -> -0.0049990563 | P12: ='O-PTIR'!P12/MAX('O-PTIR'!P:P) -> -0.018459996 | Q12: ='O-PTIR'!Q12/MAX('O-PTIR'!Q:Q) -> 0.0032361367 | R12: ='O-PTIR'!R12/MAX('O-PTIR'!R:R) -> -0.0034376547 | S12: ='O-PTIR'!S12/MAX('O-PTIR'!S:S) -> 0.0012635418 | T12: ='O-PTIR'!T12/MAX('O-PTIR'!T:T) -> -0.013228909 | U12: ='O-PTIR'!U12/MAX('O-PTIR'!U:U) -> 0.0010550754 | V12: ='O-PTIR'!V12/MAX('O-PTIR'!V:V) -> -0.019938264 | W12: ='O-PTIR'!W12/MAX('O-PTIR'!W:W) -> 0.032266587 | X12: ='O-PTIR'!X12/MAX('O-PTIR'!X:X) -> -0.084613938 | Y12: ='O-PTIR'!Y12/MAX('O-PTIR'!Y:Y) -> 0.0022739717 | Z12: ='O-PTIR'!Z12/MAX('O-PTIR'!Z:Z) -> -0.047816404 | AA12: ='O-PTIR'!AA12/MAX('O-PTIR'!AA:AA) -> -0.25242298 | AB12: ='O-PTIR'!AB12/MAX('O-PTIR'!AB:AB) -> 0.036637836 | AC12: ='O-PTIR'!AC12/MAX('O-PTIR'!AC:AC) -> 0.016101542 | AD12: ='O-PTIR'!AD12/MAX('O-PTIR'!AD:AD) -> 0.016751181 | AE12: ='O-PTIR'!AE12/MAX('O-PTIR'!AE:AE) -> 0.00053164165 | AF12: ='O-PTIR'!AF12/MAX('O-PTIR'!AF:AF) -> -0.0029138973 | AG12: ='O-PTIR'!AG12/MAX('O-PTIR'!AG:AG) -> 0.0021809568 | AH12: ='O-PTIR'!AH12/MAX('O-PTIR'!AH:AH) -> 0.011786817 | AI12: ='O-PTIR'!AI12/MAX('O-PTIR'!AI:AI) -> -0.0092508511 | AJ12: ='O-PTIR'!AJ12/MAX('O-PTIR'!AJ:AJ) -> -0.34674976 | AK12: ='O-PTIR'!AK12/MAX('O-PTIR'!AK:AK) -> -0.012798067 | AL12: ='O-PTIR'!AL12/MAX('O-PTIR'!AL:AL) -> 0.04947728 | AM12: ='O-PTIR'!AM12/MAX('O-PTIR'!AM:AM) -> 0.02314657 | AN12: ='O-PTIR'!AN12/MAX('O-PTIR'!AN:AN) -> -0.016999254 | AO12: ='O-PTIR'!AO12/MAX('O-PTIR'!AO:AO) -> 0.0026914545 | AP12: ='O-PTIR'!AP12/MAX('O-PTIR'!AP:AP) -> 0.00067505276 | AQ12: ='O-PTIR'!AQ12/MAX('O-PTIR'!AQ:AQ) -> 0.0034163182 | AR12: ='O-PTIR'!AR12/MAX('O-PTIR'!AR:AR) -> 0.0010086906 | AS12: ='O-PTIR'!AS12/MAX('O-PTIR'!AS:AS) -> -0.0082027353 | AT12: ='O-PTIR'!AT12/MAX('O-PTIR'!AT:AT) -> 0.001039533 | AU12: ='O-PTIR'!AU12/MAX('O-PTIR'!AU:AU) -> -0.0064220792 | AV12: ='O-PTIR'!AV12/MAX('O-PTIR'!AV:AV) -> -0.0050820449 | AW12: ='O-PTIR'!AW12/MAX('O-PTIR'!AW:AW) -> -0.00045222135 | AX12: ='O-PTIR'!AX12/MAX('O-PTIR'!AX:AX) -> -0.00055257943 | AY12: ='O-PTIR'!AY12/MAX('O-PTIR'!AY:AY) -> -0.11277115 | AZ12: ='O-PTIR'!AZ12/MAX('O-PTIR'!AZ:AZ) -> -0.0018103324 | BA12: ='O-PTIR'!BA12/MAX('O-PTIR'!BA:BA) -> 0.0019761567 | BB12: ='O-PTIR'!BB12/MAX('O-PTIR'!BB:BB) -> -0.003250506 | BC12: ='O-PTIR'!BC12/MAX('O-PTIR'!BC:BC) -> 0.072513254 | BD12: ='O-PTIR'!BD12/MAX('O-PTIR'!BD:BD) -> -0.0069801375 | BE12: ='O-PTIR'!BE12/MAX('O-PTIR'!BE:BE) -> -0.01721787 | BF12: ='O-PTIR'!BF12/MAX('O-PTIR'!BF:BF) -> -0.0034527806 | BG12: ='O-PTIR'!BG12/MAX('O-PTIR'!BG:BG) -> -0.00013330931 | BH12: ='O-PTIR'!BH12/MAX('O-PTIR'!BH:BH) -> -0.0021458049 | BI12: ='O-PTIR'!BI12/MAX('O-PTIR'!BI:BI) -> -0.0059348391
A13: 970 | B13: ='O-PTIR'!B13/MAX('O-PTIR'!B:B) -> 0.045123597 | C13: ='O-PTIR'!C13/MAX('O-PTIR'!C:C) -> -0.0388288 | D13: ='O-PTIR'!D13/MAX('O-PTIR'!D:D) -> 0.077453022 | E13: ='O-PTIR'!E13/MAX('O-PTIR'!E:E) -> -0.042739072 | F13: ='O-PTIR'!F13/MAX('O-PTIR'!F:F) -> -0.23022794 | G13: ='O-PTIR'!G13/MAX('O-PTIR'!G:G) -> 0.13991098 | H13: ='O-PTIR'!H13/MAX('O-PTIR'!H:H) -> -0.74989726 | I13: ='O-PTIR'!I13/MAX('O-PTIR'!I:I) -> -0.76433186 | J13: ='O-PTIR'!J13/MAX('O-PTIR'!J:J) -> -0.13797755 | K13: ='O-PTIR'!K13/MAX('O-PTIR'!K:K) -> 0.0007700027 | L13: ='O-PTIR'!L13/MAX('O-PTIR'!L:L) -> 0.014093355 | M13: ='O-PTIR'!M13/MAX('O-PTIR'!M:M) -> -0.00019629889 | N13: ='O-PTIR'!N13/MAX('O-PTIR'!N:N) -> 0.074495724 | O13: ='O-PTIR'!O13/MAX('O-PTIR'!O:O) -> 0.049952199 | P13: ='O-PTIR'!P13/MAX('O-PTIR'!P:P) -> -0.01201983 | Q13: ='O-PTIR'!Q13/MAX('O-PTIR'!Q:Q) -> 0.0053073659 | R13: ='O-PTIR'!R13/MAX('O-PTIR'!R:R) -> -0.11209979 | S13: ='O-PTIR'!S13/MAX('O-PTIR'!S:S) -> -0.000696285 | T13: ='O-PTIR'!T13/MAX('O-PTIR'!T:T) -> -0.010222452 | U13: ='O-PTIR'!U13/MAX('O-PTIR'!U:U) -> -0.0021558886 | V13: ='O-PTIR'!V13/MAX('O-PTIR'!V:V) -> -0.004837643 | W13: ='O-PTIR'!W13/MAX('O-PTIR'!W:W) -> 0.028186679 | X13: ='O-PTIR'!X13/MAX('O-PTIR'!X:X) -> -0.07626376 | Y13: ='O-PTIR'!Y13/MAX('O-PTIR'!Y:Y) -> 0.01698626 | Z13: ='O-PTIR'!Z13/MAX('O-PTIR'!Z:Z) -> -0.030113588 | AA13: ='O-PTIR'!AA13/MAX('O-PTIR'!AA:AA) -> 0.10808969 | AB13: ='O-PTIR'!AB13/MAX('O-PTIR'!AB:AB) -> -0.11590026 | AC13: ='O-PTIR'!AC13/MAX('O-PTIR'!AC:AC) -> 0.0050292543 | AD13: ='O-PTIR'!AD13/MAX('O-PTIR'!AD:AD) -> 0.0022523422 | AE13: ='O-PTIR'!AE13/MAX('O-PTIR'!AE:AE) -> -0.0021437488 | AF13: ='O-PTIR'!AF13/MAX('O-PTIR'!AF:AF) -> -0.0025520155 | AG13: ='O-PTIR'!AG13/MAX('O-PTIR'!AG:AG) -> 0.0084348467 | AH13: ='O-PTIR'!AH13/MAX('O-PTIR'!AH:AH) -> 0.020254471 | AI13: ='O-PTIR'!AI13/MAX('O-PTIR'!AI:AI) -> -0.0052489782 | AJ13: ='O-PTIR'!AJ13/MAX('O-PTIR'!AJ:AJ) -> -0.32354015 | AK13: ='O-PTIR'!AK13/MAX('O-PTIR'!AK:AK) -> 0.089364733 | AL13: ='O-PTIR'!AL13/MAX('O-PTIR'!AL:AL) -> 0.034969281 | AM13: ='O-PTIR'!AM13/MAX('O-PTIR'!AM:AM) -> 0.0030774037 | AN13: ='O-PTIR'!AN13/MAX('O-PTIR'!AN:AN) -> -0.0040697391 | AO13: ='O-PTIR'!AO13/MAX('O-PTIR'!AO:AO) -> -0.0044812398 | AP13: ='O-PTIR'!AP13/MAX('O-PTIR'!AP:AP) -> -0.0013343313 | AQ13: ='O-PTIR'!AQ13/MAX('O-PTIR'!AQ:AQ) -> 0.0067646312 | AR13: ='O-PTIR'!AR13/MAX('O-PTIR'!AR:AR) -> -0.003714217 | AS13: ='O-PTIR'!AS13/MAX('O-PTIR'!AS:AS) -> -0.0035032333 | AT13: ='O-PTIR'!AT13/MAX('O-PTIR'!AT:AT) -> 0.00062262896 | AU13: ='O-PTIR'!AU13/MAX('O-PTIR'!AU:AU) -> -0.0014379439 | AV13: ='O-PTIR'!AV13/MAX('O-PTIR'!AV:AV) -> -0.001496607 | AW13: ='O-PTIR'!AW13/MAX('O-PTIR'!AW:AW) -> -0.00098017746 | AX13: ='O-PTIR'!AX13/MAX('O-PTIR'!AX:AX) -> -0.0021642215 | AY13: ='O-PTIR'!AY13/MAX('O-PTIR'!AY:AY) -> -0.14380521 | AZ13: ='O-PTIR'!AZ13/MAX('O-PTIR'!AZ:AZ) -> -0.0016157324 | BA13: ='O-PTIR'!BA13/MAX('O-PTIR'!BA:BA) -> 0.0076641076 | BB13: ='O-PTIR'!BB13/MAX('O-PTIR'!BB:BB) -> -0.0015984657 | BC13: ='O-PTIR'!BC13/MAX('O-PTIR'!BC:BC) -> 0.11912084 | BD13: ='O-PTIR'!BD13/MAX('O-PTIR'!BD:BD) -> -0.011287445 | BE13: ='O-PTIR'!BE13/MAX('O-PTIR'!BE:BE) -> -0.088167397 | BF13: ='O-PTIR'!BF13/MAX('O-PTIR'!BF:BF) -> -0.0021513122 | BG13: ='O-PTIR'!BG13/MAX('O-PTIR'!BG:BG) -> 9.109967e-06 | BH13: ='O-PTIR'!BH13/MAX('O-PTIR'!BH:BH) -> -0.0040042377 | BI13: ='O-PTIR'!BI13/MAX('O-PTIR'!BI:BI) -> -0.0070583882
... A1030: 3004 | B1030: ='O-PTIR'!B1030/MAX('O-PTIR'!B:B) -> -0.1600297 | C1030: ='O-PTIR'!C1030/MAX('O-PTIR'!C:C) -> 0.32300057 | D1030: ='O-PTIR'!D1030/MAX('O-PTIR'!D:D) -> -0.49922303 | E1030: ='O-PTIR'!E1030/MAX('O-PTIR'!E:E) -> 0.03374823 | F1030: ='O-PTIR'!F1030/MAX('O-PTIR'!F:F) -> -3.4341864 | G1030: ='O-PTIR'!G1030/MAX('O-PTIR'!G:G) -> 0.50762007 | H1030: ='O-PTIR'!H1030/MAX('O-PTIR'!H:H) -> -3.3394065 | I1030: ='O-PTIR'!I1030/MAX('O-PTIR'!I:I) -> -1.4314515 | J1030: ='O-PTIR'!J1030/MAX('O-PTIR'!J:J) -> -0.73701864 | K1030: ='O-PTIR'!K1030/MAX('O-PTIR'!K:K) -> 0.0094811749 | L1030: ='O-PTIR'!L1030/MAX('O-PTIR'!L:L) -> 0.12328791 | M1030: ='O-PTIR'!M1030/MAX('O-PTIR'!M:M) -> 0.0024221538 | N1030: ='O-PTIR'!N1030/MAX('O-PTIR'!N:N) -> 0.17392168 | O1030: ='O-PTIR'!O1030/MAX('O-PTIR'!O:O) -> -0.014163518 | P1030: ='O-PTIR'!P1030/MAX('O-PTIR'!P:P) -> -0.083775454 | Q1030: ='O-PTIR'!Q1030/MAX('O-PTIR'!Q:Q) -> 0.025960477 | R1030: ='O-PTIR'!R1030/MAX('O-PTIR'!R:R) -> -0.4716193 | S1030: ='O-PTIR'!S1030/MAX('O-PTIR'!S:S) -> -0.014436347 | T1030: ='O-PTIR'!T1030/MAX('O-PTIR'!T:T) -> -0.07958873 | U1030: ='O-PTIR'!U1030/MAX('O-PTIR'!U:U) -> 0.0002737547 | V1030: ='O-PTIR'!V1030/MAX('O-PTIR'!V:V) -> -0.020857688 | W1030: ='O-PTIR'!W1030/MAX('O-PTIR'!W:W) -> -0.017944251 | X1030: ='O-PTIR'!X1030/MAX('O-PTIR'!X:X) -> 0.21253974 | Y1030: ='O-PTIR'!Y1030/MAX('O-PTIR'!Y:Y) -> -0.072260179 | Z1030: ='O-PTIR'!Z1030/MAX('O-PTIR'!Z:Z) -> -0.28451642 | AA1030: ='O-PTIR'!AA1030/MAX('O-PTIR'!AA:AA) -> 0.79933287 | AB1030: ='O-PTIR'!AB1030/MAX('O-PTIR'!AB:AB) -> 1 | AC1030: ='O-PTIR'!AC1030/MAX('O-PTIR'!AC:AC) -> -0.08880638 | AD1030: ='O-PTIR'!AD1030/MAX('O-PTIR'!AD:AD) -> 0.0067723429 | AE1030: ='O-PTIR'!AE1030/MAX('O-PTIR'!AE:AE) -> -3.177624e-05 | AF1030: ='O-PTIR'!AF1030/MAX('O-PTIR'!AF:AF) -> 0.020520953 | AG1030: ='O-PTIR'!AG1030/MAX('O-PTIR'!AG:AG) -> 0.053194379 | AH1030: ='O-PTIR'!AH1030/MAX('O-PTIR'!AH:AH) -> 0.035607667 | AI1030: ='O-PTIR'!AI1030/MAX('O-PTIR'!AI:AI) -> 0.082945976 | AJ1030: ='O-PTIR'!AJ1030/MAX('O-PTIR'!AJ:AJ) -> -2.52605 | AK1030: ='O-PTIR'!AK1030/MAX('O-PTIR'!AK:AK) -> -0.63237709 | AL1030: ='O-PTIR'!AL1030/MAX('O-PTIR'!AL:AL) -> -0.0086414755 | AM1030: ='O-PTIR'!AM1030/MAX('O-PTIR'!AM:AM) -> 0.079667604 | AN1030: ='O-PTIR'!AN1030/MAX('O-PTIR'!AN:AN) -> -0.064593909 | AO1030: ='O-PTIR'!AO1030/MAX('O-PTIR'!AO:AO) -> -0.0092530376 | AP1030: ='O-PTIR'!AP1030/MAX('O-PTIR'!AP:AP) -> -0.017968834 | AQ1030: ='O-PTIR'!AQ1030/MAX('O-PTIR'!AQ:AQ) -> 0.013941744 | AR1030: ='O-PTIR'!AR1030/MAX('O-PTIR'!AR:AR) -> -0.024694142 | AS1030: ='O-PTIR'!AS1030/MAX('O-PTIR'!AS:AS) -> -0.028270888 | AT1030: ='O-PTIR'!AT1030/MAX('O-PTIR'!AT:AT) -> 0.00074878038 | AU1030: ='O-PTIR'!AU1030/MAX('O-PTIR'!AU:AU) -> 0.046991371 | AV1030: ='O-PTIR'!AV1030/MAX('O-PTIR'!AV:AV) -> -0.010591524 | AW1030: ='O-PTIR'!AW1030/MAX('O-PTIR'!AW:AW) -> -0.010697553 | AX1030: ='O-PTIR'!AX1030/MAX('O-PTIR'!AX:AX) -> 0.014143301 | AY1030: ='O-PTIR'!AY1030/MAX('O-PTIR'!AY:AY) -> -0.26780846 | AZ1030: ='O-PTIR'!AZ1030/MAX('O-PTIR'!AZ:AZ) -> -0.017153531 | BA1030: ='O-PTIR'!BA1030/MAX('O-PTIR'!BA:BA) -> 0.017611155 | BB1030: ='O-PTIR'!BB1030/MAX('O-PTIR'!BB:BB) -> -0.00032987324 | BC1030: ='O-PTIR'!BC1030/MAX('O-PTIR'!BC:BC) -> 0.34847829 | BD1030: ='O-PTIR'!BD1030/MAX('O-PTIR'!BD:BD) -> -0.30190846 | BE1030: ='O-PTIR'!BE1030/MAX('O-PTIR'!BE:BE) -> -0.049832683 | BF1030: ='O-PTIR'!BF1030/MAX('O-PTIR'!BF:BF) -> 0.0078241395 | BG1030: ='O-PTIR'!BG1030/MAX('O-PTIR'!BG:BG) -> -0.00085899564 | BH1030: ='O-PTIR'!BH1030/MAX('O-PTIR'!BH:BH) -> -0.02201887 | BI1030: ='O-PTIR'!BI1030/MAX('O-PTIR'!BI:BI) -> -0.025489261

Sheet Raman
A1: X value [cmâ»Â¹] | B1: Raman Spectrum 1/Raman Intensity [] | C1: Raman Spectrum 2/Raman Intensity [] | D1: Raman Spectrum 3/Raman Intensity [] | E1: Raman Spectrum 4/Raman Intensity [] | F1: Raman Spectrum 5/Raman Intensity [] | G1: Raman Spectrum 6/Raman Intensity [] | H1: Raman Spectrum 7/Raman Intensity [] | I1: Raman Spectrum 8/Raman Intensity [] | J1: Raman Spectrum 9/Raman Intensity [] | K1: Raman Spectrum 10/Raman Intensity [] | L1: Raman Spectrum 11/Raman Intensity [] | M1: Raman Spectrum 12/Raman Intensity [] | N1: Raman Spectrum 13/Raman Intensity [] | O1: Raman Spectrum 14/Raman Intensity [] | P1: Raman Spectrum 15/Raman Intensity [] | Q1: Raman Spectrum 16/Raman Intensity [] | R1: Raman Spectrum 17/Raman Intensity [] | S1: Raman Spectrum 18/Raman Intensity [] | T1: Raman Spectrum 19/Raman Intensity [] | U1: Raman Spectrum 20/Raman Intensity [] | V1: Raman Spectrum 21/Raman Intensity [] | W1: Raman Spectrum 22/Raman Intensity [] | X1: Raman Spectrum 23/Raman Intensity [] | Y1: Raman Spectrum 24/Raman Intensity [] | Z1: Raman Spectrum 25/Raman Intensity [] | AA1: Raman Spectrum 26/Raman Intensity [] | AB1: Raman Spectrum 27/Raman Intensity [] | AC1: Raman Spectrum 28/Raman Intensity [] | AD1: Raman Spectrum 29/Raman Intensity [] | AE1: Raman Spectrum 1/Raman Intensity [] | AF1: Raman Spectrum 2/Raman Intensity [] | AG1: Raman Spectrum 3/Raman Intensity [] | AH1: Raman Spectrum 4/Raman Intensity [] | AI1: Raman Spectrum 5/Raman Intensity [] | AJ1: Raman Spectrum 6/Raman Intensity [] | AK1: Raman Spectrum 7/Raman Intensity [] | AL1: Raman Spectrum 8/Raman Intensity [] | AM1: Raman Spectrum 9/Raman Intensity [] | AN1: Raman Spectrum 10/Raman Intensity [] | AO1: Raman Spectrum 11/Raman Intensity [] | AP1: Raman Spectrum 12/Raman Intensity [] | AQ1: Raman Spectrum 13/Raman Intensity [] | AR1: Raman Spectrum 14/Raman Intensity [] | AS1: Raman Spectrum 15/Raman Intensity [] | AT1: Raman Spectrum 16/Raman Intensity [] | AU1: Raman Spectrum 17/Raman Intensity [] | AV1: Raman Spectrum 18/Raman Intensity [] | AW1: Raman Spectrum 19/Raman Intensity [] | AX1: Raman Spectrum 20/Raman Intensity [] | AY1: Raman Spectrum 21/Raman Intensity [] | AZ1: Raman Spectrum 22/Raman Intensity [] | BA1: Raman Spectrum 23/Raman Intensity [] | BB1: Raman Spectrum 24/Raman Intensity [] | BC1: Raman Spectrum 25/Raman Intensity [] | BD1: Raman Spectrum 26/Raman Intensity [] | BE1: Raman Spectrum 27/Raman Intensity [] | BF1: Raman Spectrum 28/Raman Intensity [] | BG1: Raman Spectrum 29/Raman Intensity [] | BH1: Raman Spectrum 30/Raman Intensity [] | BI1: Raman Spectrum 31/Raman Intensity []
A2: 326.12215 | B2: 8645.5996 | C2: 8148.7998 | D2: 7944 | E2: 7539 | F2: 8252 | G2: 8453.333 | H2: 7542 | I2: 7901 | J2: 7304.6665 | K2: 8850 | L2: 7895 | M2: 8542 | N2: 8282 | O2: 8627.5 | P2: 8278 | Q2: 8443.2002 | R2: 8515.2002 | S2: 7698 | T2: 9544 | U2: 8411.333 | V2: 8488 | W2: 7613.5 | X2: 7978 | Y2: 7556.3999 | Z2: 7687 | AA2: 7144 | AB2: 7177 | AC2: 8033 | AD2: 8138.5 | AE2: 9972.5 | AF2: 11850 | AG2: 11229.5 | AH2: 8471 | AI2: 10156 | AJ2: 7737 | AK2: 8338 | AL2: 7772 | AM2: 7646 | AN2: 10276 | AO2: 10425.333 | AP2: 8424 | AQ2: 7854.6665 | AR2: 8004.6665 | AS2: 7950 | AT2: 9082.667 | AU2: 8870 | AV2: 8255.333 | AW2: 9206 | AX2: 9928 | AY2: 9988 | AZ2: 9246 | BA2: 10017 | BB2: 8178 | BC2: 8554 | BD2: 8072 | BE2: 7538 | BF2: 7672.6665 | BG2: 9173.333 | BH2: 9740 | BI2: 7738.7998
A3: 329.59377 | B3: 8467.5586 | C3: 8065.7773 | D3: 7991.8774 | E3: 7407.2056 | F3: 8148.6162 | G3: 8440.1807 | H3: 7374.6919 | I3: 7920.7295 | J3: 7173.1353 | K3: 8712.6807 | L3: 7931.0396 | M3: 8576.4082 | N3: 8270.4248 | O3: 8573.835 | P3: 8316.4072 | Q3: 8360.1777 | R3: 8379.3018 | S3: 7623.8164 | T3: 9485.5996 | U3: 8238.2373 | V3: 8368.043 | W3: 7542.0786 | X3: 7818.584 | Y3: 7402.9814 | Z3: 7715.6738 | AA3: 7094.2812 | AB3: 7068.8809 | AC3: 7916.9893 | AD3: 8070.6299 | AE3: 9675.3701 | AF3: 11802.122 | AG3: 11164.392 | AH3: 8509.9863 | AI3: 10134.955 | AJ3: 7755.1514 | AK3: 8413.7617 | AL3: 7796.728 | AM3: 7743.0703 | AN3: 10240.486 | AO3: 10340.627 | AP3: 8519.2295 | AQ3: 7732.6055 | AR3: 8048.7295 | AS3: 7893.1782 | AT3: 9015.0596 | AU3: 8836.8545 | AV3: 8219.5566 | AW3: 9204.4219 | AX3: 9889.3301 | AY3: 9901.1895 | AZ3: 9136.3027 | BA3: 9926.7695 | BB3: 8166.9512 | BC3: 8625.0273 | BD3: 7993.0811 | BE3: 7586.1406 | BF3: 7733.6973 | BG3: 9107.5674 | BH3: 9782.6162 | BI3: 7639.52
A4: 333.06539 | B4: 8513.8291 | C4: 8112.311 | D4: 8045.0732 | E4: 7439.021 | F4: 8219.8799 | G4: 8504.2705 | H4: 7422.0811 | I4: 7943.4839 | J4: 7281.9492 | K4: 8715.6299 | L4: 7952.5166 | M4: 8668.2002 | N4: 8187.2969 | O4: 8519.5791 | P4: 8252.8467 | Q4: 8308.8604 | R4: 8443.2402 | S4: 7635.4707 | T4: 9542.8486 | U4: 8245.6162 | V4: 8382.623 | W4: 7582.4443 | X4: 7864.584 | Y4: 7524.0156 | Z4: 7659.6152 | AA4: 7163.1733 | AB4: 7118.8711 | AC4: 7898.8213 | AD4: 8131.0796 | AE4: 9806.5039 | AF4: 11835.471 | AG4: 11160.987 | AH4: 8563.5264 | AI4: 10141.96 | AJ4: 7751.8408 | AK4: 8408.3574 | AL4: 7837.8149 | AM4: 7808.0469 | AN4: 10382.234 | AO4: 10351.219 | AP4: 8546.0264 | AQ4: 7708.1592 | AR4: 8032.2349 | AS4: 7959.1245 | AT4: 9089.1973 | AU4: 8816.3438 | AV4: 8265.3652 | AW4: 9245.9609 | AX4: 9949.9062 | AY4: 9996.8887 | AZ4: 9181.5967 | BA4: 9892.9541 | BB4: 8263.6572 | BC4: 8688.6807 | BD4: 8036.3984 | BE4: 7622.02 | BF4: 7714.4497 | BG4: 9147.1133 | BH4: 9762.5293 | BI4: 7702.167
A5: 336.537 | B5: 8595.6445 | C5: 8157.0317 | D5: 8110.5483 | E5: 7513.2847 | F5: 8228.085 | G5: 8534.7686 | H5: 7521.7944 | I5: 7964.4111 | J5: 7412.5986 | K5: 8777.7939 | L5: 7968.5098 | M5: 8713.3145 | N5: 8196.0869 | O5: 8568.5771 | P5: 8293.498 | Q5: 8333.8105 | R5: 8454.0449 | S5: 7714.9248 | T5: 9602.8857 | U5: 8260.7197 | V5: 8417.8779 | W5: 7614.8618 | X5: 7910.7271 | Y5: 7632.3398 | Z5: 7653.4268 | AA5: 7244.5298 | AB5: 7156.0581 | AC5: 7927.5259 | AD5: 8180.8247 | AE5: 9957.3506 | AF5: 11869.313 | AG5: 11182.641 | AH5: 8545.0605 | AI5: 10167.897 | AJ5: 7787.3042 | AK5: 8410.2764 | AL5: 7828.5181 | AM5: 7792.8184 | AN5: 10446.004 | AO5: 10405.415 | AP5: 8592.998 | AQ5: 7755.3042 | AR5: 8023.5151 | AS5: 8011.4927 | AT5: 9113.9453 | AU5: 8833.1582 | AV5: 8338.7197 | AW5: 9264.7354 | AX5: 9988.4004 | AY5: 10077.243 | AZ5: 9243.2607 | BA5: 9939.3203 | BB5: 8319.6045 | BC5: 8706.5234 | BD5: 8095.5298 | BE5: 7629.3003 | BF5: 7695.7588 | BG5: 9249.7686 | BH5: 9747.5098 | BI5: 7750.9805
A6: 340.00862 | B6: 8638.0654 | C6: 8145.3652 | D6: 8177.0684 | E6: 7560.2261 | F6: 8158.4102 | G6: 8519.5029 | H6: 7572.21 | I6: 7977.6719 | J6: 7461.6431 | K6: 8849.8818 | L6: 8007.3037 | M6: 8703.4824 | N6: 8315.4844 | O6: 8679.4678 | P6: 8437.2539 | Q6: 8415.625 | R6: 8358.0156 | S6: 7805.5303 | T6: 9596.4785 | U6: 8248.9102 | V6: 8433.9033 | W6: 7587.4121 | X6: 7905.271 | Y6: 7623.8574 | Z6: 7723.1357 | AA6: 7283.9854 | AB6: 7134.9185 | AC6: 7973.5654 | AD6: 8180.6982 | AE6: 9959.4307 | AF6: 11852.689 | AG6: 11219.04 | AH6: 8479.791 | AI6: 10208.573 | AJ6: 7849.0518 | AK6: 8461.3154 | AL6: 7800.2061 | AM6: 7751.4946 | AN6: 10381.926 | AO6: 10445.743 | AP6: 8654.1973 | AQ6: 7836.3521 | AR6: 8038.834 | AS6: 8014.1318 | AT6: 9073.1699 | AU6: 8885.2568 | AV6: 8399.7412 | AW6: 9261.8818 | AX6: 9978.1465 | AY6: 10072.09 | AZ6: 9230.3652 | BA6: 10018.405 | BB6: 8327.252 | BC6: 8694.5801 | BD6: 8111.5425 | BE6: 7622.3545 | BF6: 7716.7607 | BG6: 9310.7285 | BH6: 9773.5654 | BI6: 7738.9038
A7: 343.48024 | B7: 8724.3271 | C7: 8125.1426 | D7: 8204.4531 | E7: 7575.6299 | F7: 8322.7178 | G7: 8588.7549 | H7: 7544.562 | I7: 7974.1963 | J7: 7476.6519 | K7: 8925.7158 | L7: 8132.9043 | M7: 8767.8633 | N7: 8360.7744 | O7: 8592.8906 | P7: 8381.1689 | Q7: 8442.4824 | R7: 8383.5566 | S7: 7786.0977 | T7: 9503.2656 | U7: 8377.4082 | V7: 8495.5195 | W7: 7536.856 | X7: 8016.3892 | Y7: 7644.1851 | Z7: 7742.8843 | AA7: 7293.4644 | AB7: 7187.0547 | AC7: 8038.3408 | AD7: 8231.7812 | AE7: 9968.1729 | AF7: 11766.85 | AG7: 11300.403 | AH7: 8559.9707 | AI7: 10268.608 | AJ7: 7815.8745 | AK7: 8543.9961 | AL7: 7934.8911 | AM7: 7897.1074 | AN7: 10429.322 | AO7: 10396.767 | AP7: 8581.1279 | AQ7: 7895.3345 | AR7: 8020.5337 | AS7: 8072.061 | AT7: 9206.0908 | AU7: 8934.2334 | AV7: 8423.334 | AW7: 9337.7158 | AX7: 10026.596 | AY7: 10085.256 | AZ7: 9103.1846 | BA7: 9972.5879 | BB7: 8486.0303 | BC7: 8749.876 | BD7: 8084.5264 | BE7: 7662.2466 | BF7: 7763.3672 | BG7: 9111.2686 | BH7: 9838.3408 | BI7: 7800.519
A8: 346.95186 | B8: 8766.7988 | C8: 8238.5146 | D8: 8170.1909 | E8: 7647.248 | F8: 8395.4121 | G8: 8647.6738 | H8: 7551.2061 | I8: 7960.5718 | J8: 7483.0952 | K8: 8960.1396 | L8: 8169.8408 | M8: 8805.6924 | N8: 8378.0049 | O8: 8671.5547 | P8: 8352.6348 | Q8: 8495.4756 | R8: 8509.5859 | S8: 7859.3535 | T8: 9589.0146 | U8: 8325.9795 | V8: 8544.5078 | W8: 7574.2852 | X8: 8046.3403 | Y8: 7688.7271 | Z8: 7804.4277 | AA8: 7390.6099 | AB8: 7216.8569 | AC8: 8050.2061 | AD8: 8323.0957 | AE8: 9909.9795 | AF8: 11861.221 | AG8: 11271.429 | AH8: 8587.502 | AI8: 10301.841 | AJ8: 7819.2222 | AK8: 8542.9473 | AL8: 7933.1748 | AM8: 7955.665 | AN8: 10490.189 | AO8: 10414.889 | AP8: 8643.3955 | AQ8: 7845.9478 | AR8: 8128.4194 | AS8: 8123.5762 | AT8: 9204.0508 | AU8: 8942.9678 | AV8: 8446.9229 | AW8: 9493.6914 | AX8: 10118.855 | AY8: 10065.111 | AZ8: 9375.7588 | BA8: 10048.332 | BB8: 8401.7471 | BC8: 8743.3018 | BD8: 8163.5703 | BE8: 7763.0991 | BF8: 7906.7495 | BG8: 9283.5215 | BH8: 9771.874 | BI8: 7710.001
A9: 350.42348 | B9: 8795.7012 | C9: 8275.9795 | D9: 8219.6152 | E9: 7667.1289 | F9: 8411.6328 | G9: 8638.2764 | H9: 7455.2446 | I9: 7960.2939 | J9: 7522.0332 | K9: 9015.6279 | L9: 8137.063 | M9: 8840.9482 | N9: 8433.2725 | O9: 8716.6377 | P9: 8447.4785 | Q9: 8548.4229 | R9: 8545.1299 | S9: 7871.4277 | T9: 9672.0615 | U9: 8368.2588 | V9: 8536.3848 | W9: 7696.4165 | X9: 8018.0464 | Y9: 7665.125 | Z9: 7833.0508 | AA9: 7374.3906 | AB9: 7204.1738 | AC9: 8070.1748 | AD9: 8314.9863 | AE9: 9898.5879 | AF9: 12067.554 | AG9: 11346.68 | AH9: 8683.2832 | AI9: 10362.81 | AJ9: 7837.1016 | AK9: 8534.0225 | AL9: 7909.605 | AM9: 7932.1167 | AN9: 10440.228 | AO9: 10454.739 | AP9: 8752.7334 | AQ9: 7853.7622 | AR9: 8202.623 | AS9: 8162.3271 | AT9: 9181.0488 | AU9: 9027.1172 | AV9: 8429.543 | AW9: 9524.7588 | AX9: 10160.425 | AY9: 10134.214 | AZ9: 9446.3115 | BA9: 10052.458 | BB9: 8363.5596 | BC9: 8721.752 | BD9: 8186.1694 | BE9: 7793.0884 | BF9: 7932.1245 | BG9: 9383.0332 | BH9: 9899.3535 | BI9: 7789.9053
A10: 353.89509 | B10: 8821.124 | C10: 8288.3164 | D10: 8283.9834 | E10: 7663.0049 | F10: 8435.7295 | G10: 8590.2246 | H10: 7457.1777 | I10: 8039.4551 | J10: 7524.9409 | K10: 9065.1787 | L10: 8146.0103 | M10: 8864.1953 | N10: 8480.8496 | O10: 8770.5605 | P10: 8538.5166 | Q10: 8607.3984 | R10: 8564.4512 | S10: 7869.6865 | T10: 9745.3984 | U10: 8490.4219 | V10: 8533.502 | W10: 7792.2012 | X10: 7959.3687 | Y10: 7686.8164 | Z10: 7847.5952 | AA10: 7333.3208 | AB10: 7211.0908 | AC10: 8102.7217 | AD10: 8298.291 | AE10: 10001.543 | AF10: 12148.971 | AG10: 11405.484 | AH10: 8723.1406 | AI10: 10406.227 | AJ10: 7887.6543 | AK10: 8591.1816 | AL10: 7970.5923 | AM10: 7927.0498 | AN10: 10433.495 | AO10: 10549.044 | AP10: 8775.5576 | AQ10: 7902.7476 | AR10: 8230.4844 | AS10: 8126.2554 | AT10: 9208.249 | AU10: 9096.8438 | AV10: 8421.374 | AW10: 9566.4395 | AX10: 10190.144 | AY10: 10176.225 | AZ10: 9409.4795 | BA10: 10071.306 | BB10: 8407.2021 | BC10: 8760.376 | BD10: 8182.2202 | BE10: 7731.2212 | BF10: 7868.1973 | BG10: 9344.0029 | BH10: 10042.218 | BI10: 7910.771
A11: 357.36671 | B11: 8842.2393 | C11: 8318.4854 | D11: 8301.7646 | E11: 7662.7607 | F11: 8476.5029 | G11: 8548.7627 | H11: 7629.9424 | I11: 8178.9966 | J11: 7472.3398 | K11: 9072.9961 | L11: 8227.7529 | M11: 8868.7959 | N11: 8494.4893 | O11: 8849.4307 | P11: 8550.876 | Q11: 8661.1543 | R11: 8590.6045 | S11: 7896.2646 | T11: 9795.9414 | U11: 8618.042 | V11: 8558.7295 | W11: 7806.6621 | X11: 7930.9648 | Y11: 7790.646 | Z11: 7846.3901 | AA11: 7345.2983 | AB11: 7261.981 | AC11: 8147.8804 | AD11: 8329.8965 | AE11: 10195.925 | AF11: 12022.65 | AG11: 11360.701 | AH11: 8650.5068 | AI11: 10401.106 | AJ11: 7955.6602 | AK11: 8704.9629 | AL11: 8121.1245 | AM11: 7993.4946 | AN11: 10562.963 | AO11: 10678.14 | AP11: 8696.2041 | AQ11: 7965.918 | AR11: 8226.5645 | AS11: 8029.4688 | AT11: 9305.9248 | AU11: 9104.8975 | AV11: 8446.4082 | AW11: 9668.8682 | AX11: 10227.238 | AY11: 10146.766 | AZ11: 9401.8369 | BA11: 10142.618 | BB11: 8502.8154 | BC11: 8880.9795 | BD11: 8181.6943 | BE11: 7639.3872 | BF11: 7791.9473 | BG11: 9217.2441 | BH11: 10079.616 | BI11: 7970.9678
A12: 360.83833 | B12: 8828.1182 | C12: 8334.0049 | D12: 8271.1475 | E12: 7667.5117 | F12: 8367.2314 | G12: 8590.9922 | H12: 7604.6045 | I12: 8094.668 | J12: 7511.9307 | K12: 8988.668 | L12: 8155.4336 | M12: 8861.2734 | N12: 8526.6904 | O12: 8840.8789 | P12: 8606.3027 | Q12: 8637.1357 | R12: 8434.0879 | S12: 7939.5508 | T12: 9751.8633 | U12: 8548.3623 | V12: 8494.5928 | W12: 7869.084 | X12: 8099.3579 | Y12: 7744.7207 | Z12: 7742.6621 | AA12: 7403.3647 | AB12: 7253.5347 | AC12: 8205.4189 | AD12: 8320.9229 | AE12: 10199.62 | AF12: 12089.163 | AG12: 11283.895 | AH12: 8653.6748 | AI12: 10374.713 | AJ12: 7916.0693 | AK12: 8615.2236 | AL12: 8065.6973 | AM12: 8027.8066 | AN12: 10693.877 | AO12: 10647.787 | AP12: 8859.8467 | AQ12: 8021.6094 | AR12: 8255.0703 | AS12: 8126.0708 | AT12: 9355.4131 | AU12: 9169.8262 | AV12: 8433.3428 | AW12: 9555.6387 | AX12: 10203.748 | AY12: 10263.954 | AZ12: 9550.6992 | BA12: 10102.764 | BB12: 8476.6855 | BC12: 8945.3809 | BD12: 8175.624 | BE12: 7810.4199 | BF12: 7879.0474 | BG12: 9324.9307 | BH12: 10158.401 | BI12: 8039.46
A13: 364.30995 | B13: 8762.2539 | C13: 8356.7227 | D13: 8361.7764 | E13: 7623.9531 | F13: 8370.209 | G13: 8646.2471 | H13: 7768.2407 | I13: 8088.1313 | J13: 7571.4136 | K13: 9092.248 | L13: 8274.7412 | M13: 8917.9258 | N13: 8623.0664 | O13: 8887.835 | P13: 8636.6289 | Q13: 8750.2295 | R13: 8575.0049 | S13: 7986.1523 | T13: 9795.4053 | U13: 8657.1426 | V13: 8565.082 | W13: 7934.9634 | X13: 8169.1201 | Y13: 7839.4604 | Z13: 7842.8271 | AA13: 7404.834 | AB13: 7316.8423 | AC13: 8145.0264 | AD13: 8431.5381 | AE13: 10114.748 | AF13: 12181.252 | AG13: 11305.838 | AH13: 8700.8887 | AI13: 10485.669 | AJ13: 7955.5732 | AK13: 8627.3125 | AL13: 8047.6855 | AM13: 8057.7378 | AN13: 10599.821 | AO13: 10679.715 | AP13: 8887.5596 | AQ13: 8058.0005 | AR13: 8332.5957 | AS13: 8142.6309 | AT13: 9412.3613 | AU13: 9129.9668 | AV13: 8635.8936 | AW13: 9660.5107 | AX13: 10193.281 | AY13: 10273.869 | AZ13: 9559.6064 | BA13: 10227.491 | BB13: 8486.7881 | BC13: 8993.6787 | BD13: 8267.2139 | BE13: 7863.9951 | BF13: 7947.6763 | BG13: 9344.5254 | BH13: 10143.411 | BI13: 7990.731
... A1025: 3877.5872 | B1025: 2607.6001 | C1025: 2537.5 | D1025: 2592.5 | E1025: 2679 | F1025: 3706 | G1025: 3911 | H1025: 2650 | I1025: 3365 | J1025: 2581.6667 | K1025: 3540.6667 | L1025: 2565.2 | M1025: 2765.5 | N1025: 2486 | O1025: 2583.3333 | P1025: 2526.8 | Q1025: 2852.6667 | R1025: 4049.5 | S1025: 2638 | T1025: 2620.3333 | U1025: 2642.3999 | V1025: 2575 | W1025: 2649 | X1025: 3184.6667 | Y1025: 2922.3999 | Z1025: 3246 | AA1025: 2558 | AB1025: 2539.6667 | AC1025: 2835 | AD1025: 2532 | AE1025: 2528.8 | AF1025: 4732 | AG1025: 3574 | AH1025: 2913.3333 | AI1025: 7641 | AJ1025: 2540 | AK1025: 4232 | AL1025: 2615.6001 | AM1025: 2599 | AN1025: 3110 | AO1025: 2727.2 | AP1025: 2569 | AQ1025: 2609.2 | AR1025: 2506 | AS1025: 2640.3999 | AT1025: 2797.2 | AU1025: 2536 | AV1025: 2495.6667 | AW1025: 3975 | AX1025: 2465 | AY1025: 2829.3333 | AZ1025: 4364 | BA1025: 2452 | BB1025: 3376 | BC1025: 4275 | BD1025: 3455.6001 | BE1025: 2623.3333 | BF1025: 2974.6667 | BG1025: 2786.6667 | BH1025: 2441.6667 | BI1025: 2447.3333

Sheet Raman norm
A1: Raman waveno | B1: 1 | C1: =B1+1 -> 2 | D1: =C1+1 -> 3 | E1: =D1+1 -> 4 | F1: =E1+1 -> 5 | G1: =F1+1 -> 6 | H1: =G1+1 -> 7 | I1: =H1+1 -> 8 | J1: =I1+1 -> 9 | ... BI1: =BH1+1 -> 60
A2: 326.12215 | B2: =Raman!B2/MAX(Raman!B:B) -> 0.85465729 | C2: =Raman!C2/MAX(Raman!C:C) -> 0.8478096 | D2: =Raman!D2/MAX(Raman!D:D) -> 0.82672461 | E2: =Raman!E2/MAX(Raman!E:E) -> 0.80910625 | F2: =Raman!F2/MAX(Raman!F:F) -> 0.83272248 | G2: =Raman!G2/MAX(Raman!G:G) -> 0.80260888 | H2: =Raman!H2/MAX(Raman!H:H) -> 0.86215686 | I2: =Raman!I2/MAX(Raman!I:I) -> 0.838805 | J2: =Raman!J2/MAX(Raman!J:J) -> 0.68612967 | K2: =Raman!K2/MAX(Raman!K:K) -> 0.63875429 | L2: =Raman!L2/MAX(Raman!L:L) -> 0.84145447 | M2: =Raman!M2/MAX(Raman!M:M) -> 0.47270485 | N2: =Raman!N2/MAX(Raman!N:N) -> 0.8484603 | O2: =Raman!O2/MAX(Raman!O:O) -> 0.84233755 | P2: =Raman!P2/MAX(Raman!P:P) -> 0.83864033 | Q2: =Raman!Q2/MAX(Raman!Q:Q) -> 0.2756835 | R2: =Raman!R2/MAX(Raman!R:R) -> 0.81382445 | S2: =Raman!S2/MAX(Raman!S:S) -> 0.44704903 | T2: =Raman!T2/MAX(Raman!T:T) -> 0.42355774 | U2: =Raman!U2/MAX(Raman!U:U) -> 0.28352101 | V2: =Raman!V2/MAX(Raman!V:V) -> 0.8505427 | W2: =Raman!W2/MAX(Raman!W:W) -> 0.30565159 | X2: =Raman!X2/MAX(Raman!X:X) -> 0.74066346 | Y2: =Raman!Y2/MAX(Raman!Y:Y) -> 0.22167258 | Z2: =Raman!Z2/MAX(Raman!Z:Z) -> 0.46161205 | AA2: =Raman!AA2/MAX(Raman!AA:AA) -> 0.87507674 | AB2: =Raman!AB2/MAX(Raman!AB:AB) -> 0.89790398 | AC2: =Raman!AC2/MAX(Raman!AC:AC) -> 0.36885676 | AD2: =Raman!AD2/MAX(Raman!AD:AD) -> 0.79920718 | AE2: =Raman!AE2/MAX(Raman!AE:AE) -> 0.88683128 | AF2: =Raman!AF2/MAX(Raman!AF:AF) -> 0.85968661 | AG2: =Raman!AG2/MAX(Raman!AG:AG) -> 0.90602754 | AH2: =Raman!AH2/MAX(Raman!AH:AH) -> 0.82588115 | AI2: =Raman!AI2/MAX(Raman!AI:AI) -> 0.64830804 | AJ2: =Raman!AJ2/MAX(Raman!AJ:AJ) -> 0.85269026 | AK2: =Raman!AK2/MAX(Raman!AK:AK) -> 0.70870293 | AL2: =Raman!AL2/MAX(Raman!AL:AL) -> 0.83644014 | AM2: =Raman!AM2/MAX(Raman!AM:AM) -> 0.46876771 | AN2: =Raman!AN2/MAX(Raman!AN:AN) -> 0.69335524 | AO2: =Raman!AO2/MAX(Raman!AO:AO) -> 0.78733207 | AP2: =Raman!AP2/MAX(Raman!AP:AP) -> 0.77306158 | AQ2: =Raman!AQ2/MAX(Raman!AQ:AQ) -> 0.52663449 | AR2: =Raman!AR2/MAX(Raman!AR:AR) -> 0.84169283 | AS2: =Raman!AS2/MAX(Raman!AS:AS) -> 0.73957761 | AT2: =Raman!AT2/MAX(Raman!AT:AT) -> 0.31931976 | AU2: =Raman!AU2/MAX(Raman!AU:AU) -> 0.86206723 | AV2: =Raman!AV2/MAX(Raman!AV:AV) -> 0.81086698 | AW2: =Raman!AW2/MAX(Raman!AW:AW) -> 0.70229696 | AX2: =Raman!AX2/MAX(Raman!AX:AX) -> 0.91489187 | AY2: =Raman!AY2/MAX(Raman!AY:AY) -> 0.91379453 | AZ2: =Raman!AZ2/MAX(Raman!AZ:AZ) -> 0.33283052 | BA2: =Raman!BA2/MAX(Raman!BA:BA) -> 0.92210894 | BB2: =Raman!BB2/MAX(Raman!BB:BB) -> 0.45138707 | BC2: =Raman!BC2/MAX(Raman!BC:BC) -> 0.69854332 | BD2: =Raman!BD2/MAX(Raman!BD:BD) -> 0.81973661 | BE2: =Raman!BE2/MAX(Raman!BE:BE) -> 0.8412168 | BF2: =Raman!BF2/MAX(Raman!BF:BF) -> 0.45143373 | BG2: =Raman!BG2/MAX(Raman!BG:BG) -> 0.34433749 | BH2: =Raman!BH2/MAX(Raman!BH:BH) -> 0.90702258 | BI2: =Raman!BI2/MAX(Raman!BI:BI) -> 0.83100561
A3: 329.59377 | B3: =Raman!B3/MAX(Raman!B:B) -> 0.83705711 | C3: =Raman!C3/MAX(Raman!C:C) -> 0.83917186 | D3: =Raman!D3/MAX(Raman!D:D) -> 0.83170717 | E3: =Raman!E3/MAX(Raman!E:E) -> 0.79496171 | F3: =Raman!F3/MAX(Raman!F:F) -> 0.82228985 | G3: =Raman!G3/MAX(Raman!G:G) -> 0.80136012 | H3: =Raman!H3/MAX(Raman!H:H) -> 0.84303118 | I3: =Raman!I3/MAX(Raman!I:I) -> 0.84089957 | J3: =Raman!J3/MAX(Raman!J:J) -> 0.6737749 | K3: =Raman!K3/MAX(Raman!K:K) -> 0.62884318 | L3: =Raman!L3/MAX(Raman!L:L) -> 0.84529559 | M3: =Raman!M3/MAX(Raman!M:M) -> 0.47460896 | N3: =Raman!N3/MAX(Raman!N:N) -> 0.84727447 | O3: =Raman!O3/MAX(Raman!O:O) -> 0.83709801 | P3: =Raman!P3/MAX(Raman!P:P) -> 0.84253135 | Q3: =Raman!Q3/MAX(Raman!Q:Q) -> 0.27297269 | R3: =Raman!R3/MAX(Raman!R:R) -> 0.80083621 | S3: =Raman!S3/MAX(Raman!S:S) -> 0.44274093 | T3: =Raman!T3/MAX(Raman!T:T) -> 0.42096596 | U3: =Raman!U3/MAX(Raman!U:U) -> 0.27768647 | V3: =Raman!V3/MAX(Raman!V:V) -> 0.83852237 | W3: =Raman!W3/MAX(Raman!W:W) -> 0.30278431 | X3: =Raman!X3/MAX(Raman!X:X) -> 0.72586355 | Y3: =Raman!Y3/MAX(Raman!Y:Y) -> 0.21717193 | Z3: =Raman!Z3/MAX(Raman!Z:Z) -> 0.46333394 | AA3: =Raman!AA3/MAX(Raman!AA:AA) -> 0.86898663 | AB3: =Raman!AB3/MAX(Raman!AB:AB) -> 0.88437735 | AC3: =Raman!AC3/MAX(Raman!AC:AC) -> 0.36352982 | AD3: =Raman!AD3/MAX(Raman!AD:AD) -> 0.79254228 | AE3: =Raman!AE3/MAX(Raman!AE:AE) -> 0.86040821 | AF3: =Raman!AF3/MAX(Raman!AF:AF) -> 0.85621319 | AG3: =Raman!AG3/MAX(Raman!AG:AG) -> 0.90077441 | AH3: =Raman!AH3/MAX(Raman!AH:AH) -> 0.82968212 | AI3: =Raman!AI3/MAX(Raman!AI:AI) -> 0.64696464 | AJ3: =Raman!AJ3/MAX(Raman!AJ:AJ) -> 0.85469071 | AK3: =Raman!AK3/MAX(Raman!AK:AK) -> 0.71514243 | AL3: =Raman!AL3/MAX(Raman!AL:AL) -> 0.83910142 | AM3: =Raman!AM3/MAX(Raman!AM:AM) -> 0.47471898 | AN3: =Raman!AN3/MAX(Raman!AN:AN) -> 0.69095902 | AO3: =Raman!AO3/MAX(Raman!AO:AO) -> 0.78093498 | AP3: =Raman!AP3/MAX(Raman!AP:AP) -> 0.78180069 | AQ3: =Raman!AQ3/MAX(Raman!AQ:AQ) -> 0.51845062 | AR3: =Raman!AR3/MAX(Raman!AR:AR) -> 0.84632607 | AS3: =Raman!AS3/MAX(Raman!AS:AS) -> 0.73429156 | AT3: =Raman!AT3/MAX(Raman!AT:AT) -> 0.31694288 | AU3: =Raman!AU3/MAX(Raman!AU:AU) -> 0.85884585 | AV3: =Raman!AV3/MAX(Raman!AV:AV) -> 0.8073529 | AW3: =Raman!AW3/MAX(Raman!AW:AW) -> 0.70217657 | AX3: =Raman!AX3/MAX(Raman!AX:AX) -> 0.91132833 | AY3: =Raman!AY3/MAX(Raman!AY:AY) -> 0.9058523 | AZ3: =Raman!AZ3/MAX(Raman!AZ:AZ) -> 0.32888172 | BA3: =Raman!BA3/MAX(Raman!BA:BA) -> 0.91380283 | BB3: =Raman!BB3/MAX(Raman!BB:BB) -> 0.45077723 | BC3: =Raman!BC3/MAX(Raman!BC:BC) -> 0.70434361 | BD3: =Raman!BD3/MAX(Raman!BD:BD) -> 0.81172214 | BE3: =Raman!BE3/MAX(Raman!BE:BE) -> 0.84658914 | BF3: =Raman!BF3/MAX(Raman!BF:BF) -> 0.45502458 | BG3: =Raman!BG3/MAX(Raman!BG:BG) -> 0.34186886 | BH3: =Raman!BH3/MAX(Raman!BH:BH) -> 0.91099115 | BI3: =Raman!BI3/MAX(Raman!BI:BI) -> 0.82034478
A4: 333.06539 | B4: =Raman!B4/MAX(Raman!B:B) -> 0.84163117 | C4: =Raman!C4/MAX(Raman!C:C) -> 0.84401327 | D4: =Raman!D4/MAX(Raman!D:D) -> 0.83724321 | E4: =Raman!E4/MAX(Raman!E:E) -> 0.79837623 | F4: =Raman!F4/MAX(Raman!F:F) -> 0.82948118 | G4: =Raman!G4/MAX(Raman!G:G) -> 0.80744518 | H4: =Raman!H4/MAX(Raman!H:H) -> 0.84844843 | I4: =Raman!I4/MAX(Raman!I:I) -> 0.84331528 | J4: =Raman!J4/MAX(Raman!J:J) -> 0.68399583 | K4: =Raman!K4/MAX(Raman!K:K) -> 0.62905605 | L4: =Raman!L4/MAX(Raman!L:L) -> 0.84758463 | M4: =Raman!M4/MAX(Raman!M:M) -> 0.47968863 | N4: =Raman!N4/MAX(Raman!N:N) -> 0.83875832 | O4: =Raman!O4/MAX(Raman!O:O) -> 0.83180079 | P4: =Raman!P4/MAX(Raman!P:P) -> 0.83609206 | Q4: =Raman!Q4/MAX(Raman!Q:Q) -> 0.2712971 | R4: =Raman!R4/MAX(Raman!R:R) -> 0.80694701 | S4: =Raman!S4/MAX(Raman!S:S) -> 0.44341774 | T4: =Raman!T4/MAX(Raman!T:T) -> 0.42350664 | U4: =Raman!U4/MAX(Raman!U:U) -> 0.27793519 | V4: =Raman!V4/MAX(Raman!V:V) -> 0.83998337 | W4: =Raman!W4/MAX(Raman!W:W) -> 0.30440483 | X4: =Raman!X4/MAX(Raman!X:X) -> 0.73013411 | Y4: =Raman!Y4/MAX(Raman!Y:Y) -> 0.22072256 | Z4: =Raman!Z4/MAX(Raman!Z:Z) -> 0.45996756 | AA4: =Raman!AA4/MAX(Raman!AA:AA) -> 0.8774253 | AB4: =Raman!AB4/MAX(Raman!AB:AB) -> 0.89063156 | AC4: =Raman!AC4/MAX(Raman!AC:AC) -> 0.36269559 | AD4: =Raman!AD4/MAX(Raman!AD:AD) -> 0.79847849 | AE4: =Raman!AE4/MAX(Raman!AE:AE) -> 0.87206963 | AF4: =Raman!AF4/MAX(Raman!AF:AF) -> 0.85863255 | AG4: =Raman!AG4/MAX(Raman!AG:AG) -> 0.90049974 | AH4: =Raman!AH4/MAX(Raman!AH:AH) -> 0.83490201 | AI4: =Raman!AI4/MAX(Raman!AI:AI) -> 0.6474118 | AJ4: =Raman!AJ4/MAX(Raman!AJ:AJ) -> 0.85432586 | AK4: =Raman!AK4/MAX(Raman!AK:AK) -> 0.71468308 | AL4: =Raman!AL4/MAX(Raman!AL:AL) -> 0.84352329 | AM4: =Raman!AM4/MAX(Raman!AM:AM) -> 0.47870262 | AN4: =Raman!AN4/MAX(Raman!AN:AN) -> 0.70052322 | AO4: =Raman!AO4/MAX(Raman!AO:AO) -> 0.78173488 | AP4: =Raman!AP4/MAX(Raman!AP:AP) -> 0.78425982 | AQ4: =Raman!AQ4/MAX(Raman!AQ:AQ) -> 0.51681156 | AR4: =Raman!AR4/MAX(Raman!AR:AR) -> 0.84459165 | AS4: =Raman!AS4/MAX(Raman!AS:AS) -> 0.74042645 | AT4: =Raman!AT4/MAX(Raman!AT:AT) -> 0.31954934 | AU4: =Raman!AU4/MAX(Raman!AU:AU) -> 0.85685243 | AV4: =Raman!AV4/MAX(Raman!AV:AV) -> 0.81185238 | AW4: =Raman!AW4/MAX(Raman!AW:AW) -> 0.70534545 | AX4: =Raman!AX4/MAX(Raman!AX:AX) -> 0.91691058 | AY4: =Raman!AY4/MAX(Raman!AY:AY) -> 0.91460775 | AZ4: =Raman!AZ4/MAX(Raman!AZ:AZ) -> 0.33051218 | BA4: =Raman!BA4/MAX(Raman!BA:BA) -> 0.91068997 | BB4: =Raman!BB4/MAX(Raman!BB:BB) -> 0.45611495 | BC4: =Raman!BC4/MAX(Raman!BC:BC) -> 0.70954172 | BD4: =Raman!BD4/MAX(Raman!BD:BD) -> 0.81612116 | BE4: =Raman!BE4/MAX(Raman!BE:BE) -> 0.85059317 | BF4: =Raman!BF4/MAX(Raman!BF:BF) -> 0.45389212 | BG4: =Raman!BG4/MAX(Raman!BG:BG) -> 0.34335329 | BH4: =Raman!BH4/MAX(Raman!BH:BH) -> 0.90912059 | BI4: =Raman!BI4/MAX(Raman!BI:BI) -> 0.82707192
A5: 336.537 | B5: =Raman!B5/MAX(Raman!B:B) -> 0.849719 | C5: =Raman!C5/MAX(Raman!C:C) -> 0.84866606 | D5: =Raman!D5/MAX(Raman!D:D) -> 0.84405714 | E5: =Raman!E5/MAX(Raman!E:E) -> 0.80634641 | F5: =Raman!F5/MAX(Raman!F:F) -> 0.83030917 | G5: =Raman!G5/MAX(Raman!G:G) -> 0.81034085 | H5: =Raman!H5/MAX(Raman!H:H) -> 0.85984708 | I5: =Raman!I5/MAX(Raman!I:I) -> 0.845537 | J5: =Raman!J5/MAX(Raman!J:J) -> 0.69626777 | K5: =Raman!K5/MAX(Raman!K:K) -> 0.63354278 | L5: =Raman!L5/MAX(Raman!L:L) -> 0.84928919 | M5: =Raman!M5/MAX(Raman!M:M) -> 0.4821852 | N5: =Raman!N5/MAX(Raman!N:N) -> 0.83965883 | O5: =Raman!O5/MAX(Raman!O:O) -> 0.83658467 | P5: =Raman!P5/MAX(Raman!P:P) -> 0.84021043 | Q5: =Raman!Q5/MAX(Raman!Q:Q) -> 0.27211176 | R5: =Raman!R5/MAX(Raman!R:R) -> 0.80797965 | S5: =Raman!S5/MAX(Raman!S:S) -> 0.44803191 | T5: =Raman!T5/MAX(Raman!T:T) -> 0.42617105 | U5: =Raman!U5/MAX(Raman!U:U) -> 0.27844429 | V5: =Raman!V5/MAX(Raman!V:V) -> 0.84351609 | W5: =Raman!W5/MAX(Raman!W:W) -> 0.30570626 | X5: =Raman!X5/MAX(Raman!X:X) -> 0.73441795 | Y5: =Raman!Y5/MAX(Raman!Y:Y) -> 0.22390033 | Z5: =Raman!Z5/MAX(Raman!Z:Z) -> 0.45959594 | AA5: =Raman!AA5/MAX(Raman!AA:AA) -> 0.88739074 | AB5: =Raman!AB5/MAX(Raman!AB:AB) -> 0.89528397 | AC5: =Raman!AC5/MAX(Raman!AC:AC) -> 0.36401363 | AD5: =Raman!AD5/MAX(Raman!AD:AD) -> 0.8033635 | AE5: =Raman!AE5/MAX(Raman!AE:AE) -> 0.88548408 | AF5: =Raman!AF5/MAX(Raman!AF:AF) -> 0.86108775 | AG5: =Raman!AG5/MAX(Raman!AG:AG) -> 0.9022468 | AH5: =Raman!AH5/MAX(Raman!AH:AH) -> 0.83310169 | AI5: =Raman!AI5/MAX(Raman!AI:AI) -> 0.64906752 | AJ5: =Raman!AJ5/MAX(Raman!AJ:AJ) -> 0.85823426 | AK5: =Raman!AK5/MAX(Raman!AK:AK) -> 0.71484619 | AL5: =Raman!AL5/MAX(Raman!AL:AL) -> 0.84252274 | AM5: =Raman!AM5/MAX(Raman!AM:AM) -> 0.47776897 | AN5: =Raman!AN5/MAX(Raman!AN:AN) -> 0.70482596 | AO5: =Raman!AO5/MAX(Raman!AO:AO) -> 0.78582784 | AP5: =Raman!AP5/MAX(Raman!AP:AP) -> 0.78857036 | AQ5: =Raman!AQ5/MAX(Raman!AQ:AQ) -> 0.51997251 | AR5: =Raman!AR5/MAX(Raman!AR:AR) -> 0.84367477 | AS5: =Raman!AS5/MAX(Raman!AS:AS) -> 0.74529819 | AT5: =Raman!AT5/MAX(Raman!AT:AT) -> 0.32041941 | AU5: =Raman!AU5/MAX(Raman!AU:AU) -> 0.85848661 | AV5: =Raman!AV5/MAX(Raman!AV:AV) -> 0.81905751 | AW5: =Raman!AW5/MAX(Raman!AW:AW) -> 0.70677769 | AX5: =Raman!AX5/MAX(Raman!AX:AX) -> 0.92045792 | AY5: =Raman!AY5/MAX(Raman!AY:AY) -> 0.92195932 | AZ5: =Raman!AZ5/MAX(Raman!AZ:AZ) -> 0.33273191 | BA5: =Raman!BA5/MAX(Raman!BA:BA) -> 0.91495818 | BB5: =Raman!BB5/MAX(Raman!BB:BB) -> 0.45920297 | BC5: =Raman!BC5/MAX(Raman!BC:BC) -> 0.71099881 | BD5: =Raman!BD5/MAX(Raman!BD:BD) -> 0.82212613 | BE5: =Raman!BE5/MAX(Raman!BE:BE) -> 0.85140562 | BF5: =Raman!BF5/MAX(Raman!BF:BF) -> 0.45279241 | BG5: =Raman!BG5/MAX(Raman!BG:BG) -> 0.34720664 | BH5: =Raman!BH5/MAX(Raman!BH:BH) -> 0.90772192 | BI5: =Raman!BI5/MAX(Raman!BI:BI) -> 0.83231359
A6: 340.00862 | B6: =Raman!B6/MAX(Raman!B:B) -> 0.8539125 | C6: =Raman!C6/MAX(Raman!C:C) -> 0.84745226 | D6: =Raman!D6/MAX(Raman!D:D) -> 0.85097981 | E6: =Raman!E6/MAX(Raman!E:E) -> 0.81138429 | F6: =Raman!F6/MAX(Raman!F:F) -> 0.82327818 | G6: =Raman!G6/MAX(Raman!G:G) -> 0.80889144 | H6: =Raman!H6/MAX(Raman!H:H) -> 0.86561028 | I6: =Raman!I6/MAX(Raman!I:I) -> 0.84694482 | J6: =Raman!J6/MAX(Raman!J:J) -> 0.70087453 | K6: =Raman!K6/MAX(Raman!K:K) -> 0.63874577 | L6: =Raman!L6/MAX(Raman!L:L) -> 0.85342388 | M6: =Raman!M6/MAX(Raman!M:M) -> 0.48164111 | N6: =Raman!N6/MAX(Raman!N:N) -> 0.85189065 | O6: =Raman!O6/MAX(Raman!O:O) -> 0.84741137 | P6: =Raman!P6/MAX(Raman!P:P) -> 0.85477427 | Q6: =Raman!Q6/MAX(Raman!Q:Q) -> 0.27478313 | R6: =Raman!R6/MAX(Raman!R:R) -> 0.79880183 | S6: =Raman!S6/MAX(Raman!S:S) -> 0.45329367 | T6: =Raman!T6/MAX(Raman!T:T) -> 0.42588671 | U6: =Raman!U6/MAX(Raman!U:U) -> 0.27804622 | V6: =Raman!V6/MAX(Raman!V:V) -> 0.84512192 | W6: =Raman!W6/MAX(Raman!W:W) -> 0.30460427 | X6: =Raman!X6/MAX(Raman!X:X) -> 0.73391142 | Y6: =Raman!Y6/MAX(Raman!Y:Y) -> 0.22365149 | Z6: =Raman!Z6/MAX(Raman!Z:Z) -> 0.46378203 | AA6: =Raman!AA6/MAX(Raman!AA:AA) -> 0.8922237 | AB6: =Raman!AB6/MAX(Raman!AB:AB) -> 0.89263922 | AC6: =Raman!AC6/MAX(Raman!AC:AC) -> 0.36612766 | AD6: =Raman!AD6/MAX(Raman!AD:AD) -> 0.80335108 | AE6: =Raman!AE6/MAX(Raman!AE:AE) -> 0.88566905 | AF6: =Raman!AF6/MAX(Raman!AF:AF) -> 0.85988172 | AG6: =Raman!AG6/MAX(Raman!AG:AG) -> 0.9051836 | AH6: =Raman!AH6/MAX(Raman!AH:AH) -> 0.82673823 | AI6: =Raman!AI6/MAX(Raman!AI:AI) -> 0.65166405 | AJ6: =Raman!AJ6/MAX(Raman!AJ:AJ) -> 0.86503942 | AK6: =Raman!AK6/MAX(Raman!AK:AK) -> 0.71918434 | AL6: =Raman!AL6/MAX(Raman!AL:AL) -> 0.83947574 | AM6: =Raman!AM6/MAX(Raman!AM:AM) -> 0.47523546 | AN6: =Raman!AN6/MAX(Raman!AN:AN) -> 0.7005024 | AO6: =Raman!AO6/MAX(Raman!AO:AO) -> 0.78887346 | AP6: =Raman!AP6/MAX(Raman!AP:AP) -> 0.79418654 | AQ6: =Raman!AQ6/MAX(Raman!AQ:AQ) -> 0.52540655 | AR6: =Raman!AR6/MAX(Raman!AR:AR) -> 0.84528555 | AS6: =Raman!AS6/MAX(Raman!AS:AS) -> 0.74554371 | AT6: =Raman!AT6/MAX(Raman!AT:AT) -> 0.31898587 | AU6: =Raman!AU6/MAX(Raman!AU:AU) -> 0.86355003 | AV6: =Raman!AV6/MAX(Raman!AV:AV) -> 0.82505125 | AW6: =Raman!AW6/MAX(Raman!AW:AW) -> 0.70656001 | AX6: =Raman!AX6/MAX(Raman!AX:AX) -> 0.919513 | AY6: =Raman!AY6/MAX(Raman!AY:AY) -> 0.92148785 | AZ6: =Raman!AZ6/MAX(Raman!AZ:AZ) -> 0.33226771 | BA6: =Raman!BA6/MAX(Raman!BA:BA) -> 0.9222383 | BB6: =Raman!BB6/MAX(Raman!BB:BB) -> 0.45962508 | BC6: =Raman!BC6/MAX(Raman!BC:BC) -> 0.71002348 | BD6: =Raman!BD6/MAX(Raman!BD:BD) -> 0.82375227 | BE6: =Raman!BE6/MAX(Raman!BE:BE) -> 0.85063049 | BF6: =Raman!BF6/MAX(Raman!BF:BF) -> 0.45402809 | BG6: =Raman!BG6/MAX(Raman!BG:BG) -> 0.34949488 | BH6: =Raman!BH6/MAX(Raman!BH:BH) -> 0.91014831 | BI6: =Raman!BI6/MAX(Raman!BI:BI) -> 0.83101678
A7: 343.48024 | B7: =Raman!B7/MAX(Raman!B:B) -> 0.86243987 | C7: =Raman!C7/MAX(Raman!C:C) -> 0.84534828 | D7: =Raman!D7/MAX(Raman!D:D) -> 0.85382972 | E7: =Raman!E7/MAX(Raman!E:E) -> 0.81303747 | F7: =Raman!F7/MAX(Raman!F:F) -> 0.83985872 | G7: =Raman!G7/MAX(Raman!G:G) -> 0.81546662 | H7: =Raman!H7/MAX(Raman!H:H) -> 0.86244973 | I7: =Raman!I7/MAX(Raman!I:I) -> 0.84657584 | J7: =Raman!J7/MAX(Raman!J:J) -> 0.70228431 | K7: =Raman!K7/MAX(Raman!K:K) -> 0.64421913 | L7: =Raman!L7/MAX(Raman!L:L) -> 0.86681047 | M7: =Raman!M7/MAX(Raman!M:M) -> 0.48520387 | N7: =Raman!N7/MAX(Raman!N:N) -> 0.85653045 | O7: =Raman!O7/MAX(Raman!O:O) -> 0.83895849 | P7: =Raman!P7/MAX(Raman!P:P) -> 0.84909232 | Q7: =Raman!Q7/MAX(Raman!Q:Q) -> 0.27566006 | R7: =Raman!R7/MAX(Raman!R:R) -> 0.80124286 | S7: =Raman!S7/MAX(Raman!S:S) -> 0.45216516 | T7: =Raman!T7/MAX(Raman!T:T) -> 0.42174997 | U7: =Raman!U7/MAX(Raman!U:U) -> 0.28237751 | V7: =Raman!V7/MAX(Raman!V:V) -> 0.8512962 | W7: =Raman!W7/MAX(Raman!W:W) -> 0.30257464 | X7: =Raman!X7/MAX(Raman!X:X) -> 0.74422744 | Y7: =Raman!Y7/MAX(Raman!Y:Y) -> 0.22424782 | Z7: =Raman!Z7/MAX(Raman!Z:Z) -> 0.46496795 | AA7: =Raman!AA7/MAX(Raman!AA:AA) -> 0.8933848 | AB7: =Raman!AB7/MAX(Raman!AB:AB) -> 0.89916191 | AC7: =Raman!AC7/MAX(Raman!AC:AC) -> 0.369102 | AD7: =Raman!AD7/MAX(Raman!AD:AD) -> 0.80836748 | AE7: =Raman!AE7/MAX(Raman!AE:AE) -> 0.88644648 | AF7: =Raman!AF7/MAX(Raman!AF:AF) -> 0.85365427 | AG7: =Raman!AG7/MAX(Raman!AG:AG) -> 0.91174822 | AH7: =Raman!AH7/MAX(Raman!AH:AH) -> 0.83455535 | AI7: =Raman!AI7/MAX(Raman!AI:AI) -> 0.6554964 | AJ7: =Raman!AJ7/MAX(Raman!AJ:AJ) -> 0.86138298 | AK7: =Raman!AK7/MAX(Raman!AK:AK) -> 0.72621193 | AL7: =Raman!AL7/MAX(Raman!AL:AL) -> 0.85397085 | AM7: =Raman!AM7/MAX(Raman!AM:AM) -> 0.48416282 | AN7: =Raman!AN7/MAX(Raman!AN:AN) -> 0.70370039 | AO7: =Raman!AO7/MAX(Raman!AO:AO) -> 0.7851747 | AP7: =Raman!AP7/MAX(Raman!AP:AP) -> 0.78748105 | AQ7: =Raman!AQ7/MAX(Raman!AQ:AQ) -> 0.52936117 | AR7: =Raman!AR7/MAX(Raman!AR:AR) -> 0.84336127 | AS7: =Raman!AS7/MAX(Raman!AS:AS) -> 0.75093278 | AT7: =Raman!AT7/MAX(Raman!AT:AT) -> 0.32365898 | AU7: =Raman!AU7/MAX(Raman!AU:AU) -> 0.86831002 | AV7: =Raman!AV7/MAX(Raman!AV:AV) -> 0.82736861 | AW7: =Raman!AW7/MAX(Raman!AW:AW) -> 0.71234515 | AX7: =Raman!AX7/MAX(Raman!AX:AX) -> 0.92397772 | AY7: =Raman!AY7/MAX(Raman!AY:AY) -> 0.9226924 | AZ7: =Raman!AZ7/MAX(Raman!AZ:AZ) -> 0.32768956 | BA7: =Raman!BA7/MAX(Raman!BA:BA) -> 0.91802061 | BB7: =Raman!BB7/MAX(Raman!BB:BB) -> 0.46838889 | BC7: =Raman!BC7/MAX(Raman!BC:BC) -> 0.7145391 | BD7: =Raman!BD7/MAX(Raman!BD:BD) -> 0.8210087 | BE7: =Raman!BE7/MAX(Raman!BE:BE) -> 0.85508232 | BF7: =Raman!BF7/MAX(Raman!BF:BF) -> 0.45677026 | BG7: =Raman!BG7/MAX(Raman!BG:BG) -> 0.34200779 | BH7: =Raman!BH7/MAX(Raman!BH:BH) -> 0.91618042 | BI7: =Raman!BI7/MAX(Raman!BI:BI) -> 0.83763313
A8: 346.95186 | B8: =Raman!B8/MAX(Raman!B:B) -> 0.86663839 | C8: =Raman!C8/MAX(Raman!C:C) -> 0.85714363 | D8: =Raman!D8/MAX(Raman!D:D) -> 0.85026409 | E8: =Raman!E8/MAX(Raman!E:E) -> 0.82072373 | F8: =Raman!F8/MAX(Raman!F:F) -> 0.84719442 | G8: =Raman!G8/MAX(Raman!G:G) -> 0.82106073 | H8: =Raman!H8/MAX(Raman!H:H) -> 0.86320924 | I8: =Raman!I8/MAX(Raman!I:I) -> 0.8451294 | J8: =Raman!J8/MAX(Raman!J:J) -> 0.70288954 | K8: =Raman!K8/MAX(Raman!K:K) -> 0.64670369 | L8: =Raman!L8/MAX(Raman!L:L) -> 0.87074719 | M8: =Raman!M8/MAX(Raman!M:M) -> 0.48729729 | N8: =Raman!N8/MAX(Raman!N:N) -> 0.85829565 | O8: =Raman!O8/MAX(Raman!O:O) -> 0.84663878 | P8: =Raman!P8/MAX(Raman!P:P) -> 0.84620154 | Q8: =Raman!Q8/MAX(Raman!Q:Q) -> 0.27739037 | R8: =Raman!R8/MAX(Raman!R:R) -> 0.81328788 | S8: =Raman!S8/MAX(Raman!S:S) -> 0.45641937 | T8: =Raman!T8/MAX(Raman!T:T) -> 0.42555546 | U8: =Raman!U8/MAX(Raman!U:U) -> 0.280644 | V8: =Raman!V8/MAX(Raman!V:V) -> 0.85620508 | W8: =Raman!W8/MAX(Raman!W:W) -> 0.30407727 | X8: =Raman!X8/MAX(Raman!X:X) -> 0.74700805 | Y8: =Raman!Y8/MAX(Raman!Y:Y) -> 0.22555449 | Z8: =Raman!Z8/MAX(Raman!Z:Z) -> 0.4686637 | AA8: =Raman!AA8/MAX(Raman!AA:AA) -> 0.90528426 | AB8: =Raman!AB8/MAX(Raman!AB:AB) -> 0.90289042 | AC8: =Raman!AC8/MAX(Raman!AC:AC) -> 0.36964682 | AD8: =Raman!AD8/MAX(Raman!AD:AD) -> 0.81733463 | AE8: =Raman!AE8/MAX(Raman!AE:AE) -> 0.88127147 | AF8: =Raman!AF8/MAX(Raman!AF:AF) -> 0.86050064 | AG8: =Raman!AG8/MAX(Raman!AG:AG) -> 0.90941047 | AH8: =Raman!AH8/MAX(Raman!AH:AH) -> 0.83723952 | AI8: =Raman!AI8/MAX(Raman!AI:AI) -> 0.65761779 | AJ8: =Raman!AJ8/MAX(Raman!AJ:AJ) -> 0.86175192 | AK8: =Raman!AK8/MAX(Raman!AK:AK) -> 0.72612278 | AL8: =Raman!AL8/MAX(Raman!AL:AL) -> 0.85378613 | AM8: =Raman!AM8/MAX(Raman!AM:AM) -> 0.48775292 | AN8: =Raman!AN8/MAX(Raman!AN:AN) -> 0.7078073 | AO8: =Raman!AO8/MAX(Raman!AO:AO) -> 0.7865433 | AP8: =Raman!AP8/MAX(Raman!AP:AP) -> 0.79319528 | AQ8: =Raman!AQ8/MAX(Raman!AQ:AQ) -> 0.52604992 | AR8: =Raman!AR8/MAX(Raman!AR:AR) -> 0.85470548 | AS8: =Raman!AS8/MAX(Raman!AS:AS) -> 0.75572517 | AT8: =Raman!AT8/MAX(Raman!AT:AT) -> 0.32358725 | AU8: =Raman!AU8/MAX(Raman!AU:AU) -> 0.8691589 | AV8: =Raman!AV8/MAX(Raman!AV:AV) -> 0.82968559 | AW8: =Raman!AW8/MAX(Raman!AW:AW) -> 0.72424404 | AX8: =Raman!AX8/MAX(Raman!AX:AX) -> 0.93247971 | AY8: =Raman!AY8/MAX(Raman!AY:AY) -> 0.92084939 | AZ8: =Raman!AZ8/MAX(Raman!AZ:AZ) -> 0.33750148 | BA8: =Raman!BA8/MAX(Raman!BA:BA) -> 0.92499319 | BB8: =Raman!BB8/MAX(Raman!BB:BB) -> 0.46373686 | BC8: =Raman!BC8/MAX(Raman!BC:BC) -> 0.71400223 | BD8: =Raman!BD8/MAX(Raman!BD:BD) -> 0.82903586 | BE8: =Raman!BE8/MAX(Raman!BE:BE) -> 0.86633715 | BF8: =Raman!BF8/MAX(Raman!BF:BF) -> 0.46520639 | BG8: =Raman!BG8/MAX(Raman!BG:BG) -> 0.34847361 | BH8: =Raman!BH8/MAX(Raman!BH:BH) -> 0.9099908 | BI8: =Raman!BI8/MAX(Raman!BI:BI) -> 0.82791314
A9: 350.42348 | B9: =Raman!B9/MAX(Raman!B:B) -> 0.86949552 | C9: =Raman!C9/MAX(Raman!C:C) -> 0.86104151 | D9: =Raman!D9/MAX(Raman!D:D) -> 0.85540763 | E9: =Raman!E9/MAX(Raman!E:E) -> 0.8228574 | F9: =Raman!F9/MAX(Raman!F:F) -> 0.84883128 | G9: =Raman!G9/MAX(Raman!G:G) -> 0.82016848 | H9: =Raman!H9/MAX(Raman!H:H) -> 0.8522395 | I9: =Raman!I9/MAX(Raman!I:I) -> 0.84509991 | J9: =Raman!J9/MAX(Raman!J:J) -> 0.706547 | K9: =Raman!K9/MAX(Raman!K:K) -> 0.65070859 | L9: =Raman!L9/MAX(Raman!L:L) -> 0.86725371 | M9: =Raman!M9/MAX(Raman!M:M) -> 0.48924831 | N9: =Raman!N9/MAX(Raman!N:N) -> 0.86395761 | O9: =Raman!O9/MAX(Raman!O:O) -> 0.85104042 | P9: =Raman!P9/MAX(Raman!P:P) -> 0.85581012 | Q9: =Raman!Q9/MAX(Raman!Q:Q) -> 0.27911918 | R9: =Raman!R9/MAX(Raman!R:R) -> 0.81668492 | S9: =Raman!S9/MAX(Raman!S:S) -> 0.45712056 | T9: =Raman!T9/MAX(Raman!T:T) -> 0.42924104 | U9: =Raman!U9/MAX(Raman!U:U) -> 0.28206911 | V9: =Raman!V9/MAX(Raman!V:V) -> 0.85539111 | W9: =Raman!W9/MAX(Raman!W:W) -> 0.30898036 | X9: =Raman!X9/MAX(Raman!X:X) -> 0.74438129 | Y9: =Raman!Y9/MAX(Raman!Y:Y) -> 0.22486211 | Z9: =Raman!Z9/MAX(Raman!Z:Z) -> 0.47038254 | AA9: =Raman!AA9/MAX(Raman!AA:AA) -> 0.90329755 | AB9: =Raman!AB9/MAX(Raman!AB:AB) -> 0.90130366 | AC9: =Raman!AC9/MAX(Raman!AC:AC) -> 0.37056374 | AD9: =Raman!AD9/MAX(Raman!AD:AD) -> 0.81653828 | AE9: =Raman!AE9/MAX(Raman!AE:AE) -> 0.88025845 | AF9: =Raman!AF9/MAX(Raman!AF:AF) -> 0.87546957 | AG9: =Raman!AG9/MAX(Raman!AG:AG) -> 0.91548193 | AH9: =Raman!AH9/MAX(Raman!AH:AH) -> 0.84657772 | AI9: =Raman!AI9/MAX(Raman!AI:AI) -> 0.66150973 | AJ9: =Raman!AJ9/MAX(Raman!AJ:AJ) -> 0.8637224 | AK9: =Raman!AK9/MAX(Raman!AK:AK) -> 0.7253642 | AL9: =Raman!AL9/MAX(Raman!AL:AL) -> 0.8512495 | AM9: =Raman!AM9/MAX(Raman!AM:AM) -> 0.4863092 | AN9: =Raman!AN9/MAX(Raman!AN:AN) -> 0.70443621 | AO9: =Raman!AO9/MAX(Raman!AO:AO) -> 0.78955286 | AP9: =Raman!AP9/MAX(Raman!AP:AP) -> 0.8032291 | AQ9: =Raman!AQ9/MAX(Raman!AQ:AQ) -> 0.52657386 | AR9: =Raman!AR9/MAX(Raman!AR:AR) -> 0.86250801 | AS9: =Raman!AS9/MAX(Raman!AS:AS) -> 0.75933012 | AT9: =Raman!AT9/MAX(Raman!AT:AT) -> 0.32277857 | AU9: =Raman!AU9/MAX(Raman!AU:AU) -> 0.87733731 | AV9: =Raman!AV9/MAX(Raman!AV:AV) -> 0.82797848 | AW9: =Raman!AW9/MAX(Raman!AW:AW) -> 0.72661407 | AX9: =Raman!AX9/MAX(Raman!AX:AX) -> 0.93631044 | AY9: =Raman!AY9/MAX(Raman!AY:AY) -> 0.92717153 | AZ9: =Raman!AZ9/MAX(Raman!AZ:AZ) -> 0.34004118 | BA9: =Raman!BA9/MAX(Raman!BA:BA) -> 0.92537301 | BB9: =Raman!BB9/MAX(Raman!BB:BB) -> 0.46162909 | BC9: =Raman!BC9/MAX(Raman!BC:BC) -> 0.71224241 | BD9: =Raman!BD9/MAX(Raman!BD:BD) -> 0.83133087 | BE9: =Raman!BE9/MAX(Raman!BE:BE) -> 0.86968385 | BF9: =Raman!BF9/MAX(Raman!BF:BF) -> 0.46669937 | BG9: =Raman!BG9/MAX(Raman!BG:BG) -> 0.35220896 | BH9: =Raman!BH9/MAX(Raman!BH:BH) -> 0.92186213 | BI9: =Raman!BI9/MAX(Raman!BI:BI) -> 0.8364934
A10: 353.89509 | B10: =Raman!B10/MAX(Raman!B:B) -> 0.87200868 | C10: =Raman!C10/MAX(Raman!C:C) -> 0.86232505 | D10: =Raman!D10/MAX(Raman!D:D) -> 0.86210636 | E10: =Raman!E10/MAX(Raman!E:E) -> 0.8224148 | F10: =Raman!F10/MAX(Raman!F:F) -> 0.85126291 | G10: =Raman!G10/MAX(Raman!G:G) -> 0.81560617 | H10: =Raman!H10/MAX(Raman!H:H) -> 0.85246048 | I10: =Raman!I10/MAX(Raman!I:I) -> 0.853504 | J10: =Raman!J10/MAX(Raman!J:J) -> 0.70682012 | K10: =Raman!K10/MAX(Raman!K:K) -> 0.65428495 | L10: =Raman!L10/MAX(Raman!L:L) -> 0.86820732 | M10: =Raman!M10/MAX(Raman!M:M) -> 0.49053478 | N10: =Raman!N10/MAX(Raman!N:N) -> 0.86883171 | O10: =Raman!O10/MAX(Raman!O:O) -> 0.85630512 | P10: =Raman!P10/MAX(Raman!P:P) -> 0.86503314 | Q10: =Raman!Q10/MAX(Raman!Q:Q) -> 0.28104482 | R10: =Raman!R10/MAX(Raman!R:R) -> 0.81853152 | S10: =Raman!S10/MAX(Raman!S:S) -> 0.45701945 | T10: =Raman!T10/MAX(Raman!T:T) -> 0.43249569 | U10: =Raman!U10/MAX(Raman!U:U) -> 0.28618686 | V10: =Raman!V10/MAX(Raman!V:V) -> 0.85510224 | W10: =Raman!W10/MAX(Raman!W:W) -> 0.31282573 | X10: =Raman!X10/MAX(Raman!X:X) -> 0.73893375 | Y10: =Raman!Y10/MAX(Raman!Y:Y) -> 0.22549844 | Z10: =Raman!Z10/MAX(Raman!Z:Z) -> 0.47125595 | AA10: =Raman!AA10/MAX(Raman!AA:AA) -> 0.89826686 | AB10: =Raman!AB10/MAX(Raman!AB:AB) -> 0.90216903 | AC10: =Raman!AC10/MAX(Raman!AC:AC) -> 0.37205822 | AD10: =Raman!AD10/MAX(Raman!AD:AD) -> 0.81489879 | AE10: =Raman!AE10/MAX(Raman!AE:AE) -> 0.889414 | AF10: =Raman!AF10/MAX(Raman!AF:AF) -> 0.88137616 | AG10: =Raman!AG10/MAX(Raman!AG:AG) -> 0.92022645 | AH10: =Raman!AH10/MAX(Raman!AH:AH) -> 0.85046363 | AI10: =Raman!AI10/MAX(Raman!AI:AI) -> 0.66428125 | AJ10: =Raman!AJ10/MAX(Raman!AJ:AJ) -> 0.86929378 | AK10: =Raman!AK10/MAX(Raman!AK:AK) -> 0.73022255 | AL10: =Raman!AL10/MAX(Raman!AL:AL) -> 0.85781309 | AM10: =Raman!AM10/MAX(Raman!AM:AM) -> 0.48599855 | AN10: =Raman!AN10/MAX(Raman!AN:AN) -> 0.70398195 | AO10: =Raman!AO10/MAX(Raman!AO:AO) -> 0.79667485 | AP10: =Raman!AP10/MAX(Raman!AP:AP) -> 0.80532366 | AQ10: =Raman!AQ10/MAX(Raman!AQ:AQ) -> 0.5298582 | AR10: =Raman!AR10/MAX(Raman!AR:AR) -> 0.86543764 | AS10: =Raman!AS10/MAX(Raman!AS:AS) -> 0.75597441 | AT10: =Raman!AT10/MAX(Raman!AT:AT) -> 0.32373485 | AU10: =Raman!AU10/MAX(Raman!AU:AU) -> 0.88411397 | AV10: =Raman!AV10/MAX(Raman!AV:AV) -> 0.8271761 | AW10: =Raman!AW10/MAX(Raman!AW:AW) -> 0.72979376 | AX10: =Raman!AX10/MAX(Raman!AX:AX) -> 0.9390491 | AY10: =Raman!AY10/MAX(Raman!AY:AY) -> 0.93101506 | AZ10: =Raman!AZ10/MAX(Raman!AZ:AZ) -> 0.33871533 | BA10: =Raman!BA10/MAX(Raman!BA:BA) -> 0.92710802 | BB10: =Raman!BB10/MAX(Raman!BB:BB) -> 0.46403795 | BC10: =Raman!BC10/MAX(Raman!BC:BC) -> 0.71539656 | BD10: =Raman!BD10/MAX(Raman!BD:BD) -> 0.83092981 | BE10: =Raman!BE10/MAX(Raman!BE:BE) -> 0.86277967 | BF10: =Raman!BF10/MAX(Raman!BF:BF) -> 0.4629381 | BG10: =Raman!BG10/MAX(Raman!BG:BG) -> 0.35074389 | BH10: =Raman!BH10/MAX(Raman!BH:BH) -> 0.93516615 | BI10: =Raman!BI10/MAX(Raman!BI:BI) -> 0.84947217
A11: 357.36671 | B11: =Raman!B11/MAX(Raman!B:B) -> 0.87409602 | C11: =Raman!C11/MAX(Raman!C:C) -> 0.86546386 | D11: =Raman!D11/MAX(Raman!D:D) -> 0.86395684 | E11: =Raman!E11/MAX(Raman!E:E) -> 0.8223886 | F11: =Raman!F11/MAX(Raman!F:F) -> 0.85537743 | G11: =Raman!G11/MAX(Raman!G:G) -> 0.81166953 | H11: =Raman!H11/MAX(Raman!H:H) -> 0.87220991 | I11: =Raman!I11/MAX(Raman!I:I) -> 0.86831834 | J11: =Raman!J11/MAX(Raman!J:J) -> 0.70187929 | K11: =Raman!K11/MAX(Raman!K:K) -> 0.65484918 | L11: =Raman!L11/MAX(Raman!L:L) -> 0.87691951 | M11: =Raman!M11/MAX(Raman!M:M) -> 0.49078937 | N11: =Raman!N11/MAX(Raman!N:N) -> 0.87022904 | O11: =Raman!O11/MAX(Raman!O:O) -> 0.86400553 | P11: =Raman!P11/MAX(Raman!P:P) -> 0.86628527 | Q11: =Raman!Q11/MAX(Raman!Q:Q) -> 0.28280004 | R11: =Raman!R11/MAX(Raman!R:R) -> 0.82103108 | S11: =Raman!S11/MAX(Raman!S:S) -> 0.45856293 | T11: =Raman!T11/MAX(Raman!T:T) -> 0.43473876 | U11: =Raman!U11/MAX(Raman!U:U) -> 0.29048856 | V11: =Raman!V11/MAX(Raman!V:V) -> 0.85763017 | W11: =Raman!W11/MAX(Raman!W:W) -> 0.31340628 | X11: =Raman!X11/MAX(Raman!X:X) -> 0.7362968 | Y11: =Raman!Y11/MAX(Raman!Y:Y) -> 0.22854436 | Z11: =Raman!Z11/MAX(Raman!Z:Z) -> 0.47118358 | AA11: =Raman!AA11/MAX(Raman!AA:AA) -> 0.899734 | AB11: =Raman!AB11/MAX(Raman!AB:AB) -> 0.90853582 | AC11: =Raman!AC11/MAX(Raman!AC:AC) -> 0.3741318 | AD11: =Raman!AD11/MAX(Raman!AD:AD) -> 0.81800247 | AE11: =Raman!AE11/MAX(Raman!AE:AE) -> 0.90669993 | AF11: =Raman!AF11/MAX(Raman!AF:AF) -> 0.87221195 | AG11: =Raman!AG11/MAX(Raman!AG:AG) -> 0.91661322 | AH11: =Raman!AH11/MAX(Raman!AH:AH) -> 0.84338219 | AI11: =Raman!AI11/MAX(Raman!AI:AI) -> 0.66395441 | AJ11: =Raman!AJ11/MAX(Raman!AJ:AJ) -> 0.87678867 | AK11: =Raman!AK11/MAX(Raman!AK:AK) -> 0.73989358 | AL11: =Raman!AL11/MAX(Raman!AL:AL) -> 0.8740137 | AM11: =Raman!AM11/MAX(Raman!AM:AM) -> 0.49007221 | AN11: =Raman!AN11/MAX(Raman!AN:AN) -> 0.71271756 | AO11: =Raman!AO11/MAX(Raman!AO:AO) -> 0.80642429 | AP11: =Raman!AP11/MAX(Raman!AP:AP) -> 0.79804147 | AQ11: =Raman!AQ11/MAX(Raman!AQ:AQ) -> 0.5340936 | AR11: =Raman!AR11/MAX(Raman!AR:AR) -> 0.86502546 | AS11: =Raman!AS11/MAX(Raman!AS:AS) -> 0.74697048 | AT11: =Raman!AT11/MAX(Raman!AT:AT) -> 0.32716884 | AU11: =Raman!AU11/MAX(Raman!AU:AU) -> 0.8848967 | AV11: =Raman!AV11/MAX(Raman!AV:AV) -> 0.82963504 | AW11: =Raman!AW11/MAX(Raman!AW:AW) -> 0.73760772 | AX11: =Raman!AX11/MAX(Raman!AX:AX) -> 0.94246748 | AY11: =Raman!AY11/MAX(Raman!AY:AY) -> 0.92831988 | AZ11: =Raman!AZ11/MAX(Raman!AZ:AZ) -> 0.33844022 | BA11: =Raman!BA11/MAX(Raman!BA:BA) -> 0.93367265 | BB11: =Raman!BB11/MAX(Raman!BB:BB) -> 0.46931535 | BC11: =Raman!BC11/MAX(Raman!BC:BC) -> 0.72524538 | BD11: =Raman!BD11/MAX(Raman!BD:BD) -> 0.83087641 | BE11: =Raman!BE11/MAX(Raman!BE:BE) -> 0.85253129 | BF11: =Raman!BF11/MAX(Raman!BF:BF) -> 0.45845181 | BG11: =Raman!BG11/MAX(Raman!BG:BG) -> 0.34598577 | BH11: =Raman!BH11/MAX(Raman!BH:BH) -> 0.93864882 | BI11: =Raman!BI11/MAX(Raman!BI:BI) -> 0.85593621
A12: 360.83833 | B12: =Raman!B12/MAX(Raman!B:B) -> 0.87270009 | C12: =Raman!C12/MAX(Raman!C:C) -> 0.86707853 | D12: =Raman!D12/MAX(Raman!D:D) -> 0.86077054 | E12: =Raman!E12/MAX(Raman!E:E) -> 0.82289848 | F12: =Raman!F12/MAX(Raman!F:F) -> 0.84435067 | G12: =Raman!G12/MAX(Raman!G:G) -> 0.81567905 | H12: =Raman!H12/MAX(Raman!H:H) -> 0.86931343 | I12: =Raman!I12/MAX(Raman!I:I) -> 0.85936564 | J12: =Raman!J12/MAX(Raman!J:J) -> 0.70559806 | K12: =Raman!K12/MAX(Raman!K:K) -> 0.64876274 | L12: =Raman!L12/MAX(Raman!L:L) -> 0.86921166 | M12: =Raman!M12/MAX(Raman!M:M) -> 0.49037309 | N12: =Raman!N12/MAX(Raman!N:N) -> 0.87352793 | O12: =Raman!O12/MAX(Raman!O:O) -> 0.86317059 | P12: =Raman!P12/MAX(Raman!P:P) -> 0.87190052 | Q12: =Raman!Q12/MAX(Raman!Q:Q) -> 0.28201579 | R12: =Raman!R12/MAX(Raman!R:R) -> 0.80607229 | S12: =Raman!S12/MAX(Raman!S:S) -> 0.4610767 | T12: =Raman!T12/MAX(Raman!T:T) -> 0.4327826 | U12: =Raman!U12/MAX(Raman!U:U) -> 0.28813986 | V12: =Raman!V12/MAX(Raman!V:V) -> 0.85120333 | W12: =Raman!W12/MAX(Raman!W:W) -> 0.31591227 | X12: =Raman!X12/MAX(Raman!X:X) -> 0.75193011 | Y12: =Raman!Y12/MAX(Raman!Y:Y) -> 0.22719711 | Z12: =Raman!Z12/MAX(Raman!Z:Z) -> 0.46495461 | AA12: =Raman!AA12/MAX(Raman!AA:AA) -> 0.90684662 | AB12: =Raman!AB12/MAX(Raman!AB:AB) -> 0.90747912 | AC12: =Raman!AC12/MAX(Raman!AC:AC) -> 0.37677384 | AD12: =Raman!AD12/MAX(Raman!AD:AD) -> 0.81712125 | AE12: =Raman!AE12/MAX(Raman!AE:AE) -> 0.90702854 | AF12: =Raman!AF12/MAX(Raman!AF:AF) -> 0.87703727 | AG12: =Raman!AG12/MAX(Raman!AG:AG) -> 0.91041624 | AH12: =Raman!AH12/MAX(Raman!AH:AH) -> 0.84369105 | AI12: =Raman!AI12/MAX(Raman!AI:AI) -> 0.66226958 | AJ12: =Raman!AJ12/MAX(Raman!AJ:AJ) -> 0.87242539 | AK12: =Raman!AK12/MAX(Raman!AK:AK) -> 0.73226604 | AL12: =Raman!AL12/MAX(Raman!AL:AL) -> 0.8680485 | AM12: =Raman!AM12/MAX(Raman!AM:AM) -> 0.49217584 | AN12: =Raman!AN12/MAX(Raman!AN:AN) -> 0.72155076 | AO12: =Raman!AO12/MAX(Raman!AO:AO) -> 0.80413203 | AP12: =Raman!AP12/MAX(Raman!AP:AP) -> 0.81305877 | AQ12: =Raman!AQ12/MAX(Raman!AQ:AQ) -> 0.53782757 | AR12: =Raman!AR12/MAX(Raman!AR:AR) -> 0.86802286 | AS12: =Raman!AS12/MAX(Raman!AS:AS) -> 0.75595724 | AT12: =Raman!AT12/MAX(Raman!AT:AT) -> 0.32890871 | AU12: =Raman!AU12/MAX(Raman!AU:AU) -> 0.89120706 | AV12: =Raman!AV12/MAX(Raman!AV:AV) -> 0.82835171 | AW12: =Raman!AW12/MAX(Raman!AW:AW) -> 0.7289698 | AX12: =Raman!AX12/MAX(Raman!AX:AX) -> 0.94030279 | AY12: =Raman!AY12/MAX(Raman!AY:AY) -> 0.93904136 | AZ12: =Raman!AZ12/MAX(Raman!AZ:AZ) -> 0.34379885 | BA12: =Raman!BA12/MAX(Raman!BA:BA) -> 0.93000386 | BB12: =Raman!BB12/MAX(Raman!BB:BB) -> 0.46787311 | BC12: =Raman!BC12/MAX(Raman!BC:BC) -> 0.73050457 | BD12: =Raman!BD12/MAX(Raman!BD:BD) -> 0.83025995 | BE12: =Raman!BE12/MAX(Raman!BE:BE) -> 0.871618 | BF12: =Raman!BF12/MAX(Raman!BF:BF) -> 0.46357649 | BG12: =Raman!BG12/MAX(Raman!BG:BG) -> 0.35002798 | BH12: =Raman!BH12/MAX(Raman!BH:BH) -> 0.94598557 | BI12: =Raman!BI12/MAX(Raman!BI:BI) -> 0.86329101
A13: 364.30995 | B13: =Raman!B13/MAX(Raman!B:B) -> 0.8661891 | C13: =Raman!C13/MAX(Raman!C:C) -> 0.86944211 | D13: =Raman!D13/MAX(Raman!D:D) -> 0.8702022 | E13: =Raman!E13/MAX(Raman!E:E) -> 0.81822366 | F13: =Raman!F13/MAX(Raman!F:F) -> 0.84465113 | G13: =Raman!G13/MAX(Raman!G:G) -> 0.82092527 | H13: =Raman!H13/MAX(Raman!H:H) -> 0.88801936 | I13: =Raman!I13/MAX(Raman!I:I) -> 0.85867169 | J13: =Raman!J13/MAX(Raman!J:J) -> 0.71118531 | K13: =Raman!K13/MAX(Raman!K:K) -> 0.6562387 | L13: =Raman!L13/MAX(Raman!L:L) -> 0.88192755 | M13: =Raman!M13/MAX(Raman!M:M) -> 0.49350816 | N13: =Raman!N13/MAX(Raman!N:N) -> 0.8834013 | O13: =Raman!O13/MAX(Raman!O:O) -> 0.8677551 | P13: =Raman!P13/MAX(Raman!P:P) -> 0.87497285 | Q13: =Raman!Q13/MAX(Raman!Q:Q) -> 0.28570848 | R13: =Raman!R13/MAX(Raman!R:R) -> 0.81954017 | S13: =Raman!S13/MAX(Raman!S:S) -> 0.46378301 | T13: =Raman!T13/MAX(Raman!T:T) -> 0.43471497 | U13: =Raman!U13/MAX(Raman!U:U) -> 0.29180652 | V13: =Raman!V13/MAX(Raman!V:V) -> 0.85826673 | W13: =Raman!W13/MAX(Raman!W:W) -> 0.31855706 | X13: =Raman!X13/MAX(Raman!X:X) -> 0.75840671 | Y13: =Raman!Y13/MAX(Raman!Y:Y) -> 0.22997637 | Z13: =Raman!Z13/MAX(Raman!Z:Z) -> 0.47096962 | AA13: =Raman!AA13/MAX(Raman!AA:AA) -> 0.90702659 | AB13: =Raman!AB13/MAX(Raman!AB:AB) -> 0.91539944 | AC13: =Raman!AC13/MAX(Raman!AC:AC) -> 0.37400075 | AD13: =Raman!AD13/MAX(Raman!AD:AD) -> 0.82798376 | AE13: =Raman!AE13/MAX(Raman!AE:AE) -> 0.89948107 | AF13: =Raman!AF13/MAX(Raman!AF:AF) -> 0.88371808 | AG13: =Raman!AG13/MAX(Raman!AG:AG) -> 0.9121867 | AH13: =Raman!AH13/MAX(Raman!AH:AH) -> 0.84829417 | AI13: =Raman!AI13/MAX(Raman!AI:AI) -> 0.66935245 | AJ13: =Raman!AJ13/MAX(Raman!AJ:AJ) -> 0.87677909 | AK13: =Raman!AK13/MAX(Raman!AK:AK) -> 0.73329355 | AL13: =Raman!AL13/MAX(Raman!AL:AL) -> 0.86611004 | AM13: =Raman!AM13/MAX(Raman!AM:AM) -> 0.49401089 | AN13: =Raman!AN13/MAX(Raman!AN:AN) -> 0.71520452 | AO13: =Raman!AO13/MAX(Raman!AO:AO) -> 0.80654325 | AP13: =Raman!AP13/MAX(Raman!AP:AP) -> 0.81560196 | AQ13: =Raman!AQ13/MAX(Raman!AQ:AQ) -> 0.54026749 | AR13: =Raman!AR13/MAX(Raman!AR:AR) -> 0.87617467 | AS13: =Raman!AS13/MAX(Raman!AS:AS) -> 0.7574978 | AT13: =Raman!AT13/MAX(Raman!AT:AT) -> 0.33091084 | AU13: =Raman!AU13/MAX(Raman!AU:AU) -> 0.88733317 | AV13: =Raman!AV13/MAX(Raman!AV:AV) -> 0.84824694 | AW13: =Raman!AW13/MAX(Raman!AW:AW) -> 0.73697016 | AX13: =Raman!AX13/MAX(Raman!AX:AX) -> 0.93933824 | AY13: =Raman!AY13/MAX(Raman!AY:AY) -> 0.93994848 | AZ13: =Raman!AZ13/MAX(Raman!AZ:AZ) -> 0.34411949 | BA13: =Raman!BA13/MAX(Raman!BA:BA) -> 0.94148558 | BB13: =Raman!BB13/MAX(Raman!BB:BB) -> 0.46843072 | BC13: =Raman!BC13/MAX(Raman!BC:BC) -> 0.73444871 | BD13: =Raman!BD13/MAX(Raman!BD:BD) -> 0.83956118 | BE13: =Raman!BE13/MAX(Raman!BE:BE) -> 0.87759682 | BF13: =Raman!BF13/MAX(Raman!BF:BF) -> 0.46761438 | BG13: =Raman!BG13/MAX(Raman!BG:BG) -> 0.3507635 | BH13: =Raman!BH13/MAX(Raman!BH:BH) -> 0.94458963 | BI13: =Raman!BI13/MAX(Raman!BI:BI) -> 0.85805841
... A1025: 3877.5872 | B1025: =Raman!B1025/MAX(Raman!B:B) -> 0.25777326 | C1025: =Raman!C1025/MAX(Raman!C:C) -> 0.26400414 | D1025: =Raman!D1025/MAX(Raman!D:D) -> 0.26979904 | E1025: =Raman!E1025/MAX(Raman!E:E) -> 0.28751766 | F1025: =Raman!F1025/MAX(Raman!F:F) -> 0.37397837 | G1025: =Raman!G1025/MAX(Raman!G:G) -> 0.37133321 | H1025: =Raman!H1025/MAX(Raman!H:H) -> 0.30293233 | I1025: =Raman!I1025/MAX(Raman!I:I) -> 0.35724324 | J1025: =Raman!J1025/MAX(Raman!J:J) -> 0.24249679 | K1025: =Raman!K1025/MAX(Raman!K:K) -> 0.25554984 | L1025: =Raman!L1025/MAX(Raman!L:L) -> 0.27340076 | M1025: =Raman!M1025/MAX(Raman!M:M) -> 0.15303972 | N1025: =Raman!N1025/MAX(Raman!N:N) -> 0.25468152 | O1025: =Raman!O1025/MAX(Raman!O:O) -> 0.25222122 | P1025: =Raman!P1025/MAX(Raman!P:P) -> 0.25598894 | Q1025: =Raman!Q1025/MAX(Raman!Q:Q) -> 0.093143966 | R1025: =Raman!R1025/MAX(Raman!R:R) -> 0.38702344 | S1025: =Raman!S1025/MAX(Raman!S:S) -> 0.15319763 | T1025: =Raman!T1025/MAX(Raman!T:T) -> 0.11628902 | U1025: =Raman!U1025/MAX(Raman!U:U) -> 0.089067439 | V1025: =Raman!V1025/MAX(Raman!V:V) -> 0.25802868 | W1025: =Raman!W1025/MAX(Raman!W:W) -> 0.10634676 | X1025: =Raman!X1025/MAX(Raman!X:X) -> 0.29565885 | Y1025: =Raman!Y1025/MAX(Raman!Y:Y) -> 0.085730761 | Z1025: =Raman!Z1025/MAX(Raman!Z:Z) -> 0.19492555 | AA1025: =Raman!AA1025/MAX(Raman!AA:AA) -> 0.31333235 | AB1025: =Raman!AB1025/MAX(Raman!AB:AB) -> 0.31773399 | AC1025: =Raman!AC1025/MAX(Raman!AC:AC) -> 0.13017664 | AD1025: =Raman!AD1025/MAX(Raman!AD:AD) -> 0.24864442 | AE1025: =Raman!AE1025/MAX(Raman!AE:AE) -> 0.22488032 | AF1025: =Raman!AF1025/MAX(Raman!AF:AF) -> 0.34329427 | AG1025: =Raman!AG1025/MAX(Raman!AG:AG) -> 0.28836034 | AH1025: =Raman!AH1025/MAX(Raman!AH:AH) -> 0.28403577 | AI1025: =Raman!AI1025/MAX(Raman!AI:AI) -> 0.48776307 | AJ1025: =Raman!AJ1025/MAX(Raman!AJ:AJ) -> 0.27993192 | AK1025: =Raman!AK1025/MAX(Raman!AK:AK) -> 0.35970626 | AL1025: =Raman!AL1025/MAX(Raman!AL:AL) -> 0.28149677 | AM1025: =Raman!AM1025/MAX(Raman!AM:AM) -> 0.15934178 | AN1025: =Raman!AN1025/MAX(Raman!AN:AN) -> 0.20984185 | AO1025: =Raman!AO1025/MAX(Raman!AO:AO) -> 0.205961 | AP1025: =Raman!AP1025/MAX(Raman!AP:AP) -> 0.23575442 | AQ1025: =Raman!AQ1025/MAX(Raman!AQ:AQ) -> 0.17493991 | AR1025: =Raman!AR1025/MAX(Raman!AR:AR) -> 0.26350657 | AS1025: =Raman!AS1025/MAX(Raman!AS:AS) -> 0.24563279 | AT1025: =Raman!AT1025/MAX(Raman!AT:AT) -> 0.098341293 | AU1025: =Raman!AU1025/MAX(Raman!AU:AU) -> 0.24647153 | AV1025: =Raman!AV1025/MAX(Raman!AV:AV) -> 0.24513291 | AW1025: =Raman!AW1025/MAX(Raman!AW:AW) -> 0.30324032 | AX1025: =Raman!AX1025/MAX(Raman!AX:AX) -> 0.22715637 | AY1025: =Raman!AY1025/MAX(Raman!AY:AY) -> 0.25885355 | AZ1025: =Raman!AZ1025/MAX(Raman!AZ:AZ) -> 0.15709197 | BA1025: =Raman!BA1025/MAX(Raman!BA:BA) -> 0.22571739 | BB1025: =Raman!BB1025/MAX(Raman!BB:BB) -> 0.1863393 | BC1025: =Raman!BC1025/MAX(Raman!BC:BC) -> 0.34910834 | BD1025: =Raman!BD1025/MAX(Raman!BD:BD) -> 0.3509269 | BE1025: =Raman!BE1025/MAX(Raman!BE:BE) -> 0.29275564 | BF1025: =Raman!BF1025/MAX(Raman!BF:BF) -> 0.17501933 | BG1025: =Raman!BG1025/MAX(Raman!BG:BG) -> 0.10460253 | BH1025: =Raman!BH1025/MAX(Raman!BH:BH) -> 0.22737648 | BI1025: =Raman!BI1025/MAX(Raman!BI:BI) -> 0.26279885

Sheet Stats
A1: OPTIR waveno | B1: OPTIR norm avg | C1: OPTIR norm std error | E1: Raman waveno | F1: Raman norm avg | G1: Raman norm std error
A2: 948 | B2: =AVERAGE('O-PTIR norm'!B2:BI2) -> -0.054265885 | C2: =_xlfn.STDEV.P('O-PTIR norm'!B2:BI2)/SQRT(60) -> 0.064951418 | E2: 326.12215 | F2: =AVERAGE('Raman norm'!B2:BI2) -> 0.70142908 | G2: =_xlfn.STDEV.P('Raman norm'!B2:BI2)/SQRT(60) -> 0.026518004
A3: 950 | B3: =AVERAGE('O-PTIR norm'!B3:BI3) -> -0.086331429 | C3: =_xlfn.STDEV.P('O-PTIR norm'!B3:BI3)/SQRT(60) -> 0.047142896 | E3: 329.59377 | F3: =AVERAGE('Raman norm'!B3:BI3) -> 0.69749206 | G3: =_xlfn.STDEV.P('Raman norm'!B3:BI3)/SQRT(60) -> 0.026377072
A4: 952 | B4: =AVERAGE('O-PTIR norm'!B4:BI4) -> -0.052081344 | C4: =_xlfn.STDEV.P('O-PTIR norm'!B4:BI4)/SQRT(60) -> 0.046005999 | E4: 333.06539 | F4: =AVERAGE('Raman norm'!B4:BI4) -> 0.70016174 | G4: =_xlfn.STDEV.P('Raman norm'!B4:BI4)/SQRT(60) -> 0.026462297
A5: 954 | B5: =AVERAGE('O-PTIR norm'!B5:BI5) -> -0.029815144 | C5: =_xlfn.STDEV.P('O-PTIR norm'!B5:BI5)/SQRT(60) -> 0.035368739 | E5: 336.537 | F5: =AVERAGE('Raman norm'!B5:BI5) -> 0.70356058 | G5: =_xlfn.STDEV.P('Raman norm'!B5:BI5)/SQRT(60) -> 0.026586165
A6: 956 | B6: =AVERAGE('O-PTIR norm'!B6:BI6) -> -0.045222613 | C6: =_xlfn.STDEV.P('O-PTIR norm'!B6:BI6)/SQRT(60) -> 0.033965079 | E6: 340.00862 | F6: =AVERAGE('Raman norm'!B6:BI6) -> 0.70532805 | G6: =_xlfn.STDEV.P('Raman norm'!B6:BI6)/SQRT(60) -> 0.026663513
A7: 958 | B7: =AVERAGE('O-PTIR norm'!B7:BI7) -> -0.051333931 | C7: =_xlfn.STDEV.P('O-PTIR norm'!B7:BI7)/SQRT(60) -> 0.030760542 | E7: 343.48024 | F7: =AVERAGE('Raman norm'!B7:BI7) -> 0.70793242 | G7: =_xlfn.STDEV.P('Raman norm'!B7:BI7)/SQRT(60) -> 0.026747788
A8: 960 | B8: =AVERAGE('O-PTIR norm'!B8:BI8) -> -0.068519636 | C8: =_xlfn.STDEV.P('O-PTIR norm'!B8:BI8)/SQRT(60) -> 0.037139537 | E8: 346.95186 | F8: =AVERAGE('Raman norm'!B8:BI8) -> 0.71111291 | G8: =_xlfn.STDEV.P('Raman norm'!B8:BI8)/SQRT(60) -> 0.026800543
A9: 962 | B9: =AVERAGE('O-PTIR norm'!B9:BI9) -> -0.01856227 | C9: =_xlfn.STDEV.P('O-PTIR norm'!B9:BI9)/SQRT(60) -> 0.021990727 | E9: 350.42348 | F9: =AVERAGE('Raman norm'!B9:BI9) -> 0.7134495 | G9: =_xlfn.STDEV.P('Raman norm'!B9:BI9)/SQRT(60) -> 0.026895672
A10: 964 | B10: =AVERAGE('O-PTIR norm'!B10:BI10) -> -0.019002038 | C10: =_xlfn.STDEV.P('O-PTIR norm'!B10:BI10)/SQRT(60) -> 0.016119351 | E10: 353.89509 | F10: =AVERAGE('Raman norm'!B10:BI10) -> 0.71577506 | G10: =_xlfn.STDEV.P('Raman norm'!B10:BI10)/SQRT(60) -> 0.027013344
A11: 966 | B11: =AVERAGE('O-PTIR norm'!B11:BI11) -> -0.019195022 | C11: =_xlfn.STDEV.P('O-PTIR norm'!B11:BI11)/SQRT(60) -> 0.016102454 | E11: 357.36671 | F11: =AVERAGE('Raman norm'!B11:BI11) -> 0.71832711 | G11: =_xlfn.STDEV.P('Raman norm'!B11:BI11)/SQRT(60) -> 0.027114485
A12: 968 | B12: =AVERAGE('O-PTIR norm'!B12:BI12) -> -0.037144958 | C12: =_xlfn.STDEV.P('O-PTIR norm'!B12:BI12)/SQRT(60) -> 0.01841135 | E12: 360.83833 | F12: =AVERAGE('Raman norm'!B12:BI12) -> 0.71906392 | G12: =_xlfn.STDEV.P('Raman norm'!B12:BI12)/SQRT(60) -> 0.027101674
A13: 970 | B13: =AVERAGE('O-PTIR norm'!B13:BI13) -> -0.034782176 | C13: =_xlfn.STDEV.P('O-PTIR norm'!B13:BI13)/SQRT(60) -> 0.019638817 | E13: 364.30995 | F13: =AVERAGE('Raman norm'!B13:BI13) -> 0.72275643 | G13: =_xlfn.STDEV.P('Raman norm'!B13:BI13)/SQRT(60) -> 0.027193751
... A1025: 2994 | B1025: =AVERAGE('O-PTIR norm'!B1025:BI1025) -> -0.058568902 | C1025: =_xlfn.STDEV.P('O-PTIR norm'!B1025:BI1025)/SQRT(60) -> 0.058286228 | E1025: 3877.5872 | F1025: =AVERAGE('Raman norm'!B1025:BI1025) -> 0.24527732 | G1025: =_xlfn.STDEV.P('Raman norm'!B1025:BI1025)/SQRT(60) -> 0.010759369
A1026: 2996 | B1026: =AVERAGE('O-PTIR norm'!B1026:BI1026) -> -0.088084543 | C1026: =_xlfn.STDEV.P('O-PTIR norm'!B1026:BI1026)/SQRT(60) -> 0.043370291
A1027: 2998 | B1027: =AVERAGE('O-PTIR norm'!B1027:BI1027) -> -0.14375252 | C1027: =_xlfn.STDEV.P('O-PTIR norm'!B1027:BI1027)/SQRT(60) -> 0.060049316
A1028: 3000 | B1028: =AVERAGE('O-PTIR norm'!B1028:BI1028) -> -0.096322644 | C1028: =_xlfn.STDEV.P('O-PTIR norm'!B1028:BI1028)/SQRT(60) -> 0.088696792
A1029: 3002 | B1029: =AVERAGE('O-PTIR norm'!B1029:BI1029) -> -0.11998387 | C1029: =_xlfn.STDEV.P('O-PTIR norm'!B1029:BI1029)/SQRT(60) -> 0.095227517
A1030: 3004 | B1030: =AVERAGE('O-PTIR norm'!B1030:BI1030) -> -0.18046363 | C1030: =_xlfn.STDEV.P('O-PTIR norm'!B1030:BI1030)/SQRT(60) -> 0.096290801
