Workbook

Sheet O-PTIR
A1: O-PTIR waveno | B1: LDPE EtOH OPTIR | C1: LDPE iced 10 min sonic | D1: LDPE 12 days OPTIR | E1: LDPE iced 2 min son OPTIR | F1: LDPE 2 days OPTIR | G1: LDPE fresh no sonic OPTIR | M1: 45097 | N1: LDPE in etoh; 10 min sonic
A2: 948 | B2: 1.7142375 | C2: 0.68850511 | D2: -0.71071208 | E2: 0.25667393 | F2: -0.86641055 | G2: 5.7417197 | M2: 45110 | N2: LDPE iced; 10 min sonic
A3: 950 | B3: 0.40936285 | C3: -1.2027476 | D3: -0.06574963 | E3: 2.3089731 | F3: 2.0839238 | G3: -0.95129424 | M3: 45126 | N3: LDPE after 12 days of storage
A4: 952 | B4: 1.8133875 | C4: 0.74953961 | D4: -0.0094886124 | E4: 1.0583656 | F4: 0.23484674 | G4: -1.7910513 | M4: 45126 | N4: LDPE iced; 2 min sonic
A5: 954 | B5: -1.8024017 | C5: -0.21842881 | D5: 0.88291442 | E5: -0.33298016 | F5: -2.8024638 | G5: -2.6410346 | M5: 45128 | N5: LDPE after 2 days of storage
A6: 956 | B6: 3.5623312 | C6: -0.4128654 | D6: 0.24149714 | E6: -0.34409064 | F6: 2.8539879 | G6: -2.5359948 | M6: 45128 | N6: LDPE fresh; no sonic
A7: 958 | B7: 2.565017 | C7: -1.2280812 | D7: 0.63907421 | E7: 0.13089006 | F7: 4.2156286 | G7: -2.5241458
A8: 960 | B8: -0.83223814 | C8: -0.95730895 | D8: -0.023751551 | E8: -0.1910648 | F8: 2.3066099 | G8: -1.2667656
A9: 962 | B9: -2.4570923 | C9: 0.46601149 | D9: 0.92157376 | E9: 0.33453166 | F9: 0.42191249 | G9: 0.022018069
A10: 964 | B10: 1.0026176 | C10: -0.058138158 | D10: 1.1479449 | E10: 0.1901319 | F10: 2.2154582 | G10: 0.35072535
A11: 966 | B11: 7.2027416 | C11: -0.55729926 | D11: -0.00061978621 | E11: 0.41028059 | F11: 3.3839083 | G11: -0.030563058
A12: 968 | B12: 4.1788621 | C12: 0.15651575 | D12: 0.33719358 | E12: -0.068024687 | F12: 3.8364842 | G12: -1.2238137
A13: 970 | B13: 5.8282051 | C13: 0.036194671 | D13: 0.62008286 | E13: -0.12400521 | F13: 4.6204367 | G13: -1.0650477
A14: 972 | B14: 4.224021 | C14: 0.42705017 | D14: 0.64652157 | E14: 0.18460566 | F14: 4.2408848 | G14: -1.0111399
A15: 974 | B15: 2.0076027 | C15: 0.24011055 | D15: 0.66617066 | E15: 0.18747401 | F15: 2.7512333 | G15: -0.29344115
A16: 976 | B16: 1.8920047 | C16: 0.39849657 | D16: 0.88262868 | E16: 0.33265427 | F16: 3.6281433 | G16: 0.72095144
A17: 978 | B17: 3.6616676 | C17: 0.26069298 | D17: 1.0062516 | E17: 0.4705517 | F17: 2.96205 | G17: 0.12712125
A18: 980 | B18: 3.2488849 | C18: 0.10002861 | D18: 0.87911087 | E18: 0.43594503 | F18: 3.031934 | G18: 0.054599844
... A1029: 3002 | B1029: 5.8843369 | C1029: 2.3391857 | D1029: -0.34128839 | E1029: 2.100868 | F1029: 13.835498 | G1029: -6.5574784
A1030: 3004 | B1030: 2.3406715 | C1030: 0.44567117

Sheet Raman
A1: Raman waveno | B1: LDPE EtOH Raman | C1: LDPE iced 10 min sonic | D1: LDPE 12 days Raman | E1: LDPE iced 2 min son Raman | F1: LDPE 2 days Raman | G1: LDPE fresh Raman | K1: 45097 | L1: LDPE in etoh; 10 min sonic
A2: 326.12215 | B2: 0 | C2: 0 | D2: 18162 | E2: 0 | F2: 0 | G2: 0 | K2: 45110 | L2: LDPE iced; 10 min sonic
A3: 329.59377 | B3: 0 | C3: 0 | D3: 18425.59 | E3: 4.325199 | F3: 0 | G3: 22.281238 | K3: 45126 | L3: LDPE after 12 days of storage
A4: 333.06539 | B4: 0 | C4: 0 | D4: 18537.961 | E4: 0 | F4: 61.753979 | G4: 0 | K4: 45126 | L4: LDPE iced; 2 min sonic
A5: 336.537 | B5: 46.23938 | C5: 52.90325 | D5: 18550.727 | E5: 27.615567 | F5: 160.5637 | G5: 35.580155 | K5: 45128 | L5: LDPE after 2 days of storage
A6: 340.00862 | B6: 157.49172 | C6: 115.76475 | D6: 18561.703 | E6: 78.180346 | F6: 240.81002 | G6: 159.33758 | K6: 45128 | L6: LDPE fresh; no sonic
A7: 343.48024 | B7: 19.076347 | C7: 182.40677 | D7: 18751.289 | E7: 0 | F7: 557.2488 | G7: 150.8836
A8: 346.95186 | B8: 237.31065 | C8: 207.67305 | D8: 18933.586 | E8: 68.435993 | F8: 453.39957 | G8: 148.67379
A9: 350.42348 | B9: 342.84893 | C9: 254.0382 | D9: 18994.146 | E9: 86.905182 | F9: 411.45374 | G9: 171.90931
A10: 353.89509 | B10: 320.61794 | C10: 294.50028 | D10: 19029.021 | E10: 89.549167 | F10: 534.50701 | G10: 229.21029
A11: 357.36671 | B11: 214.05225 | C11: 293.26338 | D11: 19123.895 | E11: 112.39041 | F11: 761.85235 | G11: 280.4317
A12: 360.83833 | B12: 142.60206 | C12: 199.91539 | D12: 19298.094 | E12: 149.73653 | F12: 617.41359 | G12: 134.98175
A13: 364.30995 | B13: 285.83572 | C13: 294.51003 | D13: 19337.312 | E13: 98.392213 | F13: 737.38408 | G13: 192.48055
A14: 367.78157 | B14: 369.42902 | C14: 369.7514 | D14: 19451.523 | E14: 70.639685 | F14: 674.76774 | G14: 267.67176
A15: 371.25318 | B15: 365.61633 | C15: 335.62386 | D15: 19553.051 | E15: 55.917423 | F15: 548.42979 | G15: 277.55879
A16: 374.7248 | B16: 304.02949 | C16: 187.34423 | D16: 19567.27 | E16: 35.493004 | F16: 554.21399 | G16: 192.44976
A17: 378.19642 | B17: 304.95073 | C17: 285.21327 | D17: 19759.121 | E17: 56.358618 | F17: 820.52464 | G17: 186.23967
A18: 381.66804 | B18: 382.10855 | C18: 177.08646 | D18: 19806.465 | E18: 136.19786 | F18: 840.60001 | G18: 92.448062
... A1025: 3877.5872 | B1025: 0 | C1025: 0 | D1025: 26092 | E1025: 0 | F1025: 0 | G1025: 0

Sheet O-PTIR norm
A1: O-PTIR waveno | B1: LDPE EtOH OPTIR | C1: LDPE iced atomized OPTIR | D1: LDPE 12 days OPTIR | E1: LDPE iced 2 min son OPTIR | F1: LDPE 2 days OPTIR | G1: LDPE fresh no sonic OPTIR
A2: 948 | B2: ='O-PTIR'!B2/MAX('O-PTIR'!B:B) -> 0.004478414 | C2: ='O-PTIR'!C2/MAX('O-PTIR'!C:C) -> 0.014647206 | D2: ='O-PTIR'!D2/MAX('O-PTIR'!D:D) -> -0.010283208 | E2: ='O-PTIR'!E2/MAX('O-PTIR'!E:E) -> 0.00047562702 | F2: ='O-PTIR'!F2/MAX('O-PTIR'!F:F) -> -0.0037096858 | G2: ='O-PTIR'!G2/MAX('O-PTIR'!G:G) -> 0.029109847
A3: 950 | B3: ='O-PTIR'!B3/MAX('O-PTIR'!B:B) -> 0.001069453 | C3: ='O-PTIR'!C3/MAX('O-PTIR'!C:C) -> -0.025587161 | D3: ='O-PTIR'!D3/MAX('O-PTIR'!D:D) -> -0.00095132357 | E3: ='O-PTIR'!E3/MAX('O-PTIR'!E:E) -> 0.0042786191 | F3: ='O-PTIR'!F3/MAX('O-PTIR'!F:F) -> 0.0089226783 | G3: ='O-PTIR'!G3/MAX('O-PTIR'!G:G) -> -0.0048229505
A4: 952 | B4: ='O-PTIR'!B4/MAX('O-PTIR'!B:B) -> 0.0047374417 | C4: ='O-PTIR'!C4/MAX('O-PTIR'!C:C) -> 0.015945649 | D4: ='O-PTIR'!D4/MAX('O-PTIR'!D:D) -> -0.0001372896 | E4: ='O-PTIR'!E4/MAX('O-PTIR'!E:E) -> 0.0019611936 | F4: ='O-PTIR'!F4/MAX('O-PTIR'!F:F) -> 0.0010055367 | G4: ='O-PTIR'!G4/MAX('O-PTIR'!G:G) -> -0.0090804204
A5: 954 | B5: ='O-PTIR'!B5/MAX('O-PTIR'!B:B) -> -0.0047087414 | C5: ='O-PTIR'!C5/MAX('O-PTIR'!C:C) -> -0.0046468379 | D5: ='O-PTIR'!D5/MAX('O-PTIR'!D:D) -> 0.012774784 | E5: ='O-PTIR'!E5/MAX('O-PTIR'!E:E) -> -0.00061702549 | F5: ='O-PTIR'!F5/MAX('O-PTIR'!F:F) -> -0.011999231 | G5: ='O-PTIR'!G5/MAX('O-PTIR'!G:G) -> -0.013389736
A6: 956 | B6: ='O-PTIR'!B6/MAX('O-PTIR'!B:B) -> 0.0093065251 | C6: ='O-PTIR'!C6/MAX('O-PTIR'!C:C) -> -0.0087832674 | D6: ='O-PTIR'!D6/MAX('O-PTIR'!D:D) -> 0.0034941934 | E6: ='O-PTIR'!E6/MAX('O-PTIR'!E:E) -> -0.00063761366 | F6: ='O-PTIR'!F6/MAX('O-PTIR'!F:F) -> 0.01221984 | G6: ='O-PTIR'!G6/MAX('O-PTIR'!G:G) -> -0.012857197
A7: 958 | B7: ='O-PTIR'!B7/MAX('O-PTIR'!B:B) -> 0.0067010599 | C7: ='O-PTIR'!C7/MAX('O-PTIR'!C:C) -> -0.026126107 | D7: ='O-PTIR'!D7/MAX('O-PTIR'!D:D) -> 0.0092466885 | E7: ='O-PTIR'!E7/MAX('O-PTIR'!E:E) -> 0.00024254449 | F7: ='O-PTIR'!F7/MAX('O-PTIR'!F:F) -> 0.018049939 | G7: ='O-PTIR'!G7/MAX('O-PTIR'!G:G) -> -0.012797124
A8: 960 | B8: ='O-PTIR'!B8/MAX('O-PTIR'!B:B) -> -0.0021742069 | C8: ='O-PTIR'!C8/MAX('O-PTIR'!C:C) -> -0.020365718 | D8: ='O-PTIR'!D8/MAX('O-PTIR'!D:D) -> -0.00034365837 | E8: ='O-PTIR'!E8/MAX('O-PTIR'!E:E) -> -0.00035405069 | F8: ='O-PTIR'!F8/MAX('O-PTIR'!F:F) -> 0.009876147 | G8: ='O-PTIR'!G8/MAX('O-PTIR'!G:G) -> -0.0064223534
A9: 962 | B9: ='O-PTIR'!B9/MAX('O-PTIR'!B:B) -> -0.0064191086 | C9: ='O-PTIR'!C9/MAX('O-PTIR'!C:C) -> 0.0099138934 | D9: ='O-PTIR'!D9/MAX('O-PTIR'!D:D) -> 0.013334141 | E9: ='O-PTIR'!E9/MAX('O-PTIR'!E:E) -> 0.0006199005 | F9: ='O-PTIR'!F9/MAX('O-PTIR'!F:F) -> 0.0018064909 | G9: ='O-PTIR'!G9/MAX('O-PTIR'!G:G) -> 0.00011162904
A10: 964 | B10: ='O-PTIR'!B10/MAX('O-PTIR'!B:B) -> 0.0026193201 | C10: ='O-PTIR'!C10/MAX('O-PTIR'!C:C) -> -0.0012368268 | D10: ='O-PTIR'!D10/MAX('O-PTIR'!D:D) -> 0.016609478 | E10: ='O-PTIR'!E10/MAX('O-PTIR'!E:E) -> 0.00035232199 | F10: ='O-PTIR'!F10/MAX('O-PTIR'!F:F) -> 0.0094858652 | G10: ='O-PTIR'!G10/MAX('O-PTIR'!G:G) -> 0.0017781365
A11: 966 | B11: ='O-PTIR'!B11/MAX('O-PTIR'!B:B) -> 0.018817031 | C11: ='O-PTIR'!C11/MAX('O-PTIR'!C:C) -> -0.011855942 | D11: ='O-PTIR'!D11/MAX('O-PTIR'!D:D) -> -8.9676128e-06 | E11: ='O-PTIR'!E11/MAX('O-PTIR'!E:E) -> 0.00076026626 | F11: ='O-PTIR'!F11/MAX('O-PTIR'!F:F) -> 0.014488785 | G11: ='O-PTIR'!G11/MAX('O-PTIR'!G:G) -> -0.00015495113
A12: 968 | B12: ='O-PTIR'!B12/MAX('O-PTIR'!B:B) -> 0.010917201 | C12: ='O-PTIR'!C12/MAX('O-PTIR'!C:C) -> 0.0033297042 | D12: ='O-PTIR'!D12/MAX('O-PTIR'!D:D) -> 0.0048788137 | E12: ='O-PTIR'!E12/MAX('O-PTIR'!E:E) -> -0.00012605246 | F12: ='O-PTIR'!F12/MAX('O-PTIR'!F:F) -> 0.016426567 | G12: ='O-PTIR'!G12/MAX('O-PTIR'!G:G) -> -0.0062045921
A13: 970 | B13: ='O-PTIR'!B13/MAX('O-PTIR'!B:B) -> 0.015226079 | C13: ='O-PTIR'!C13/MAX('O-PTIR'!C:C) -> 0.0007700027 | D13: ='O-PTIR'!D13/MAX('O-PTIR'!D:D) -> 0.0089719049 | E13: ='O-PTIR'!E13/MAX('O-PTIR'!E:E) -> -0.00022978659 | F13: ='O-PTIR'!F13/MAX('O-PTIR'!F:F) -> 0.019783194 | G13: ='O-PTIR'!G13/MAX('O-PTIR'!G:G) -> -0.0053996675
... A1030: 3004 | B1030: ='O-PTIR'!B1030/MAX('O-PTIR'!B:B) -> 0.0061149616 | C1030: ='O-PTIR'!C1030/MAX('O-PTIR'!C:C) -> 0.0094811749 | D1030: ='O-PTIR'!D1030/MAX('O-PTIR'!D:D) -> 0 | E1030: ='O-PTIR'!E1030/MAX('O-PTIR'!E:E) -> 0 | F1030: ='O-PTIR'!F1030/MAX('O-PTIR'!F:F) -> 0 | G1030: ='O-PTIR'!G1030/MAX('O-PTIR'!G:G) -> 0

Sheet Raman norm
A1: Raman waveno | B1: LDPE EtOH Raman | C1: LDPE iced atom Raman | D1: LDPE 12 days Raman | E1: LDPE iced 2 min son Raman | F1: LDPE 2 days Raman | G1: LDPE fresh Raman
A2: 326.12215 | B2: =Raman!B2/MAX(Raman!B:B) -> 0 | C2: =Raman!C2/MAX(Raman!C:C) -> 0 | D2: =Raman!D2/MAX(Raman!D:D) -> 0.4205751 | E2: =Raman!E2/MAX(Raman!E:E) -> 0 | F2: =Raman!F2/MAX(Raman!F:F) -> 0 | G2: =Raman!G2/MAX(Raman!G:G) -> 0
A3: 329.59377 | B3: =Raman!B3/MAX(Raman!B:B) -> 0 | C3: =Raman!C3/MAX(Raman!C:C) -> 0 | D3: =Raman!D3/MAX(Raman!D:D) -> 0.42667901 | E3: =Raman!E3/MAX(Raman!E:E) -> 0.00011544165 | F3: =Raman!F3/MAX(Raman!F:F) -> 0 | G3: =Raman!G3/MAX(Raman!G:G) -> 0.00051560824
A4: 333.06539 | B4: =Raman!B4/MAX(Raman!B:B) -> 0 | C4: =Raman!C4/MAX(Raman!C:C) -> 0 | D4: =Raman!D4/MAX(Raman!D:D) -> 0.42928118 | E4: =Raman!E4/MAX(Raman!E:E) -> 0 | F4: =Raman!F4/MAX(Raman!F:F) -> 0.0037442279 | G4: =Raman!G4/MAX(Raman!G:G) -> 0
A5: 336.537 | B5: =Raman!B5/MAX(Raman!B:B) -> 0.0012706699 | C5: =Raman!C5/MAX(Raman!C:C) -> 0.0074195726 | D5: =Raman!D5/MAX(Raman!D:D) -> 0.42957679 | E5: =Raman!E5/MAX(Raman!E:E) -> 0.00073707283 | F5: =Raman!F5/MAX(Raman!F:F) -> 0.009735196 | G5: =Raman!G5/MAX(Raman!G:G) -> 0.00082335734
A6: 340.00862 | B6: =Raman!B6/MAX(Raman!B:B) -> 0.0043279124 | C6: =Raman!C6/MAX(Raman!C:C) -> 0.016235769 | D6: =Raman!D6/MAX(Raman!D:D) -> 0.42983097 | E6: =Raman!E6/MAX(Raman!E:E) -> 0.0020866712 | F6: =Raman!F6/MAX(Raman!F:F) -> 0.01460064 | G6: =Raman!G6/MAX(Raman!G:G) -> 0.0036872174
A7: 343.48024 | B7: =Raman!B7/MAX(Raman!B:B) -> 0.00052422287 | C7: =Raman!C7/MAX(Raman!C:C) -> 0.025582176 | D7: =Raman!D7/MAX(Raman!D:D) -> 0.43422119 | E7: =Raman!E7/MAX(Raman!E:E) -> 0 | F7: =Raman!F7/MAX(Raman!F:F) -> 0.033786754 | G7: =Raman!G7/MAX(Raman!G:G) -> 0.0034915846
A8: 346.95186 | B8: =Raman!B8/MAX(Raman!B:B) -> 0.0065213571 | C8: =Raman!C8/MAX(Raman!C:C) -> 0.02912572 | D8: =Raman!D8/MAX(Raman!D:D) -> 0.43844261 | E8: =Raman!E8/MAX(Raman!E:E) -> 0.0018265897 | F8: =Raman!F8/MAX(Raman!F:F) -> 0.027490234 | G8: =Raman!G8/MAX(Raman!G:G) -> 0.0034404475
A9: 350.42348 | B9: =Raman!B9/MAX(Raman!B:B) -> 0.0094215759 | C9: =Raman!C9/MAX(Raman!C:C) -> 0.035628338 | D9: =Raman!D9/MAX(Raman!D:D) -> 0.43984501 | E9: =Raman!E9/MAX(Raman!E:E) -> 0.0023195413 | F9: =Raman!F9/MAX(Raman!F:F) -> 0.024947001 | G9: =Raman!G9/MAX(Raman!G:G) -> 0.0039781388
A10: 353.89509 | B10: =Raman!B10/MAX(Raman!B:B) -> 0.0088106626 | C10: =Raman!C10/MAX(Raman!C:C) -> 0.041303062 | D10: =Raman!D10/MAX(Raman!D:D) -> 0.4406526 | E10: =Raman!E10/MAX(Raman!E:E) -> 0.0023901105 | F10: =Raman!F10/MAX(Raman!F:F) -> 0.032407889 | G10: =Raman!G10/MAX(Raman!G:G) -> 0.0053041358
A11: 357.36671 | B11: =Raman!B11/MAX(Raman!B:B) -> 0.0058822104 | C11: =Raman!C11/MAX(Raman!C:C) -> 0.041129589 | D11: =Raman!D11/MAX(Raman!D:D) -> 0.44284957 | E11: =Raman!E11/MAX(Raman!E:E) -> 0.0029997544 | F11: =Raman!F11/MAX(Raman!F:F) -> 0.046192147 | G11: =Raman!G11/MAX(Raman!G:G) -> 0.0064894461
A12: 360.83833 | B12: =Raman!B12/MAX(Raman!B:B) -> 0.0039187409 | C12: =Raman!C12/MAX(Raman!C:C) -> 0.028037725 | D12: =Raman!D12/MAX(Raman!D:D) -> 0.44688347 | E12: =Raman!E12/MAX(Raman!E:E) -> 0.0039965403 | F12: =Raman!F12/MAX(Raman!F:F) -> 0.037434628 | G12: =Raman!G12/MAX(Raman!G:G) -> 0.0031236012
A13: 364.30995 | B13: =Raman!B13/MAX(Raman!B:B) -> 0.0078548384 | C13: =Raman!C13/MAX(Raman!C:C) -> 0.04130443 | D13: =Raman!D13/MAX(Raman!D:D) -> 0.44779166 | E13: =Raman!E13/MAX(Raman!E:E) -> 0.0026261357 | F13: =Raman!F13/MAX(Raman!F:F) -> 0.044708602 | G13: =Raman!G13/MAX(Raman!G:G) -> 0.0044541761
... A1025: 3877.5872 | B1025: =Raman!B1025/MAX(Raman!B:B) -> 0 | C1025: =Raman!C1025/MAX(Raman!C:C) -> 0 | D1025: =Raman!D1025/MAX(Raman!D:D) -> 0.60420909 | E1025: =Raman!E1025/MAX(Raman!E:E) -> 0 | F1025: =Raman!F1025/MAX(Raman!F:F) -> 0 | G1025: =Raman!G1025/MAX(Raman!G:G) -> 0
