Workbook

Sheet Avg Sums
A1: Sample | B1: Avg total number concentration > 1.117 um (#/cm^3) | C1: standard error | F1: *Note: All of the PE suspensions had 11 samples, so only the last 10 were used. The AFR sample only had 10 samples, so only the last 9 were used.
A2: PE 20/80 EtOH/MQ | B2: =AVERAGE('20-80 PE'!G21:P21) -> 3.5617932 | C2: =_xlfn.STDEV.S('20-80 PE'!G21:P21)/SQRT(10) -> 0.17427194
A3: PE 50/50 EtOH/MQ | B3: =AVERAGE('50-50 PE'!G21:P21) -> 49.262373 | C3: =_xlfn.STDEV.S('50-50 PE'!G21:P21)/SQRT(10) -> 0.26120707
A4: PE 100/0 EtOH/MQ | B4: =AVERAGE('100-0 PE'!G21:P21) -> 67.293761 | C4: =_xlfn.STDEV.S('100-0 PE'!G21:P21)/SQRT(10) -> 3.2385063
A5: AFR | B5: =AVERAGE(AFR!G21:O21) -> 53.307035 | C5: =_xlfn.STDEV.S(AFR!G21:O21)/SQRT(9) -> 1.1580997

Sheet 20-80 PE
A1: PE in 20/80 EtOH/MQ
A3: LB | B3: UB | C3: LB with RI | D3: UB with RI | E3: MPDiam | F3: Data | G3: Data | H3: Data | I3: Data | J3: Data | K3: Data | L3: Data | M3: Data | N3: Data | O3: Data | P3: Data
A4: 0.3 | B4: 0.374 | C4: 0.3 | D4: 0.374 | E4: 0.337 | F4: 6.99866 | G4: 5.44219 | H4: 7.06167 | I4: 7.59455 | J4: 8.50363 | K4: 9.66346 | L4: 8.70202 | M4: 8.37791 | N4: 8.43006 | O4: 8.74342 | P4: 6.42401
A5: 0.374 | B5: 0.465 | C5: 0.374 | D5: 0.465 | E5: 0.4195 | F5: 3.8281 | G5: 3.66944 | H5: 5.04445 | I5: 5.75309 | J5: 6.14456 | K5: 7.18118 | L5: 6.02816 | M5: 5.11849 | N5: 5.71065 | O5: 5.15015 | P5: 3.69055
A6: 0.465 | B6: 0.579 | C6: 0.465 | D6: 0.579 | E6: 0.522 | F6: 2.06916 | G6: 2.31071 | H6: 3.27719 | I6: 3.53984 | J6: 4.06516 | K6: 4.622 | L6: 3.80251 | M6: 3.44526 | N6: 2.73097 | O6: 2.73096 | P6: 2.18464
A7: 0.579 | B7: 0.721 | C7: 0.579 | D7: 0.721 | E7: 0.65 | F7: 1.16549 | G7: 1.44897 | H7: 1.71156 | I7: 1.8271 | J7: 2.15268 | K7: 2.22624 | L7: 1.66962 | M7: 1.66956 | N7: 1.23904 | O7: 1.18653 | P7: 1.10247
A8: 0.721 | B8: 0.897 | C8: 0.721 | D8: 0.897 | E8: 0.809 | F8: 0.769721 | G8: 0.674817 | H8: 1.13882 | I8: 1.08611 | J8: 1.10723 | K8: 1.10726 | L8: 1.12831 | M8: 0.717035 | N8: 0.685394 | O8: 0.717026 | P8: 0.537739
A9: 0.897 | B9: 1.117 | C9: 0.897 | D9: 1.117 | E9: 1.007 | F9: 1.25993 | G9: 1.40691 | H9: 1.69049 | I9: 1.56452 | J9: 1.53306 | K9: 1.93212 | L9: 2.12106 | M9: 1.407 | N9: 1.55398 | O9: 1.33348 | P9: 0.986927
A10: 1.117 | B10: 1.391 | C10: 1.117 | D10: 1.391 | E10: 1.254 | F10: 0.346434 | G10: 0.356928 | H10: 0.451435 | I10: 0.47244 | J10: 0.598441 | K10: 0.503963 | L10: 0.514443 | M10: 0.41994 | N10: 0.46193 | O10: 0.493423 | P10: 0.262444
A11: 1.391 | B11: 1.732 | C11: 1.391 | D11: 1.732 | E11: 1.5615 | F11: 1.24996 | G11: 1.26045 | H11: 1.32355 | I11: 1.25004 | J11: 1.47068 | K11: 1.34465 | L11: 1.3446 | M11: 1.15548 | N11: 1.03992 | O11: 1.20799 | P11: 0.756262
A12: 1.732 | B12: 2.156 | C12: 1.732 | D12: 2.156 | E12: 1.944 | F12: 0.841368 | G12: 0.788775 | H12: 1.03072 | I12: 0.915046 | J12: 1.2201 | K12: 1.09391 | L12: 0.978169 | M12: 1.04124 | N12: 0.925541 | O12: 0.95709 | P12: 0.620496
A13: 2.156 | B13: 2.685 | C13: 2.156 | D13: 2.685 | E13: 2.4205 | F13: 0.482799 | G13: 0.377839 | H13: 0.461829 | I13: 0.36737 | J13: 0.43036 | K13: 0.629811 | L13: 0.619291 | M13: 0.535303 | N13: 0.398849 | O13: 0.388352 | P13: 0.40932
A14: 2.685 | B14: 3.343 | C14: 2.685 | D14: 3.343 | E14: 3.014 | F14: 0.210141 | G14: 0.220645 | H14: 0.25218 | I14: 0.325738 | J14: 0.252192 | K14: 0.199657 | L14: 0.157618 | M14: 0.220658 | N14: 0.210149 | O14: 0.189133 | P14: 0.220643
A15: 3.343 | B15: 4.162 | C15: 3.343 | D15: 4.162 | E15: 3.7525 | F15: 0.168159 | G15: 0.115608 | H15: 0.126125 | I15: 0.220723 | J15: 0.189196 | K15: 0.136645 | L15: 0.126129 | M15: 0.105104 | N15: 0.105103 | O15: 0.147144 | P15: 0.0210194
... A19: 8.032 | B19: 10 | C19: 8.032 | D19: 10 | E19: 9.016 | F19: 0 | G19: 0 | H19: 0 | I19: 0 | J19: 0 | K19: 0 | L19: 0 | M19: 0.0105093 | N19: 0.0105092 | O19: 0 | P19: 0
F21: sum of bins >1.117 um | G21: =SUM(G10:G19) -> 3.1937982 | H21: =SUM(H10:H19) -> 3.771954 | I21: =SUM(I10:I19) -> 3.6774811 | J21: =SUM(J10:J19) -> 4.3501569 | K21: =SUM(K10:K19) -> 4.0557971 | L21: =SUM(L10:L19) -> 3.8873765 | M21: =SUM(M10:M19) -> 3.6458705 | N21: =SUM(N10:N19) -> 3.2255795 | ... P21: =SUM(P10:P19) -> 2.3637291

Sheet 50-50 PE
A1: PE in 50/50 EtOH/MQ
A3: LB | B3: UB | C3: LB with RI | D3: UB with RI | E3: MPDiam | F3: Data | G3: Data | H3: Data | I3: Data | J3: Data | K3: Data | L3: Data | M3: Data | N3: Data | O3: Data | P3: Data
A4: 0.3 | B4: 0.374 | C4: 0.3 | D4: 0.374 | E4: 0.337 | F4: 12.0382 | G4: 12.1846 | H4: 12.8331 | I4: 12.9904 | J4: 12.1638 | K4: 12.0904 | L4: 11.8499 | M4: 11.7658 | N4: 11.3585 | O4: 11.6519 | P4: 11.5993
A5: 0.374 | B5: 0.465 | C5: 0.374 | D5: 0.465 | E5: 0.4195 | F5: 12.727 | G5: 11.8693 | H5: 12.3671 | I5: 12.8545 | J5: 11.2871 | K5: 12.2398 | L5: 12.6952 | M5: 11.7948 | N5: 11.753 | O5: 12.6218 | P5: 12.2298
A6: 0.465 | B6: 0.579 | C6: 0.465 | D6: 0.579 | E6: 0.522 | F6: 11.9573 | G6: 12.3989 | H6: 12.2518 | I6: 11.6528 | J6: 11.2528 | K6: 11.9677 | L6: 11.6628 | M6: 11.5573 | N6: 11.684 | O6: 12.5469 | P6: 12.6729
A7: 0.579 | B7: 0.721 | C7: 0.579 | D7: 0.721 | E7: 0.65 | F7: 13.667 | G7: 13.3726 | H7: 13.2781 | I7: 14.1091 | J7: 14.4451 | K7: 13.2779 | L7: 13.8562 | M7: 13.183 | N7: 13.7618 | O7: 12.7005 | P7: 14.0881
A8: 0.721 | B8: 0.897 | C8: 0.721 | D8: 0.897 | E8: 0.809 | F8: 11.8242 | G8: 11.0852 | H8: 11.5498 | I8: 12.0887 | J8: 11.9933 | K8: 12.0775 | L8: 11.6659 | M8: 11.1376 | N8: 11.8666 | O8: 12.5429 | P8: 11.3813
A9: 0.897 | B9: 1.117 | C9: 0.897 | D9: 1.117 | E9: 1.007 | F9: 17.0094 | G9: 17.1145 | H9: 18.0714 | I9: 18.2296 | J9: 17.5773 | K9: 18.1446 | L9: 17.493 | M9: 17.8604 | N9: 18.2712 | O9: 18.0197 | P9: 17.5568
A10: 1.117 | B10: 1.391 | C10: 1.117 | D10: 1.391 | E10: 1.254 | F10: 5.84421 | G10: 5.90727 | H10: 5.84426 | I10: 5.99161 | J10: 6.20165 | K10: 5.48679 | L10: 6.1175 | M10: 5.86504 | N10: 6.00196 | O10: 5.52919 | P10: 6.09671
A11: 1.391 | B11: 1.732 | C11: 1.391 | D11: 1.732 | E11: 1.5615 | F11: 17.2269 | G11: 17.8158 | H11: 17.3953 | I11: 18.2793 | J11: 17.9843 | K11: 17.4897 | L11: 17.5214 | M11: 17.0581 | N11: 17.2166 | O11: 18.5321 | P11: 17.4379
A12: 1.732 | B12: 2.156 | C12: 1.732 | D12: 2.156 | E12: 1.944 | F12: 11.8255 | G12: 11.7202 | H12: 11.5624 | I12: 11.2047 | J12: 11.9625 | K12: 11.3832 | L12: 11.7729 | M12: 11.5935 | N12: 11.9205 | O12: 12.0684 | P12: 11.9839
A13: 2.156 | B13: 2.685 | C13: 2.156 | D13: 2.685 | E13: 2.4205 | F13: 6.66258 | G13: 6.73613 | H13: 6.32634 | I13: 6.74691 | J13: 6.69417 | K13: 6.45234 | L13: 6.43138 | M13: 6.58879 | N13: 6.85182 | O13: 6.65245 | P13: 6.08482
A14: 2.685 | B14: 3.343 | C14: 2.685 | D14: 3.343 | E14: 3.014 | F14: 3.49271 | G14: 3.75571 | H14: 3.76627 | I14: 3.13515 | J14: 3.21922 | K14: 3.33488 | L14: 3.39803 | M14: 3.38739 | N14: 3.57692 | O14: 3.75593 | P14: 3.22983
A15: 3.343 | B15: 4.162 | C15: 3.343 | D15: 4.162 | E15: 3.7525 | F15: 1.99939 | G15: 2.27299 | H15: 2.00993 | I15: 2.15733 | J15: 1.97837 | K15: 2.18879 | L15: 2.14672 | M15: 1.94671 | N15: 1.9889 | O15: 2.24155 | P15: 2.17837
... A19: 8.032 | B19: 10 | C19: 8.032 | D19: 10 | E19: 9.016 | F19: 0.0420878 | G19: 0.0210439 | H19: 0.0420882 | I19: 0.0526119 | J19: 0.0105221 | K19: 0.0526093 | L19: 0.0315659 | M19: 0.0210432 | N19: 0.0315663 | O19: 0.0631354 | P19: 0.0315671
F21: sum of bins >1.117 um | G21: =SUM(G10:G19) -> 49.838934 | H21: =SUM(H10:H19) -> 48.630128 | I21: =SUM(I10:I19) -> 49.514214 | J21: =SUM(J10:J19) -> 49.797397 | K21: =SUM(K10:K19) -> 48.019178 | L21: =SUM(L10:L19) -> 49.166088 | M21: =SUM(M10:M19) -> 48.333364 | N21: =SUM(N10:N19) -> 49.576848 | ... P21: =SUM(P10:P19) -> 48.926585

Sheet 100-0 PE
A1: PE in 100/0 EtOH/MQ
A3: LB | B3: UB | C3: LB with RI | D3: UB with RI | E3: MPDiam | F3: Data | G3: Data | H3: Data | I3: Data | J3: Data | K3: Data | L3: Data | M3: Data | N3: Data | O3: Data | P3: Data
A4: 0.3 | B4: 0.374 | C4: 0.3 | D4: 0.374 | E4: 0.337 | F4: 0.127363 | G4: 0.106048 | H4: 0.212282 | I4: 0.169899 | J4: 0.212696 | K4: 0.106381 | L4: 0.26674 | M4: 0.278466 | N4: 0.461752 | O4: 0.430539 | P4: 0.647603
A5: 0.374 | B5: 0.465 | C5: 0.374 | D5: 0.465 | E5: 0.4195 | F5: 0.698412 | G5: 0.762248 | H5: 0.881115 | I5: 0.741745 | J5: 0.893597 | K5: 0.947721 | L5: 1.10175 | M5: 1.171 | N5: 1.38063 | O5: 1.88509 | P5: 2.21814
A6: 0.465 | B6: 0.579 | C6: 0.465 | D6: 0.579 | E6: 0.522 | F6: 0.928474 | G6: 0.831734 | H6: 0.821791 | I6: 0.960948 | J6: 0.876858 | K6: 0.716679 | L6: 1.07284 | M6: 1.51847 | N6: 1.24172 | O6: 1.73164 | P6: 1.74731
A7: 0.579 | B7: 0.721 | C7: 0.579 | D7: 0.721 | E7: 0.65 | F7: 0.426745 | G7: 0.405071 | H7: 0.512118 | I7: 0.405601 | J7: 0.470355 | K7: 0.481194 | L7: 0.58987 | M7: 0.592116 | N7: 0.658438 | O7: 1.02783 | P7: 1.00899
A8: 0.721 | B8: 0.897 | C8: 0.721 | D8: 0.897 | E8: 0.809 | F8: 1.29634 | G8: 1.62711 | H8: 1.78925 | I8: 1.81146 | J8: 1.51362 | K8: 1.56778 | L8: 1.9063 | M8: 2.34601 | N8: 2.20042 | O8: 2.59669 | P8: 2.86539
A9: 0.897 | B9: 1.117 | C9: 0.897 | D9: 1.117 | E9: 1.007 | F9: 0 | G9: 0 | H9: 0 | I9: 0 | J9: 0 | K9: 0 | L9: 0 | M9: 0 | N9: 0 | O9: 0 | P9: 0
A10: 1.117 | B10: 1.391 | C10: 1.117 | D10: 1.391 | E10: 1.254 | F10: 0 | G10: 0 | H10: 0 | I10: 0 | J10: 0 | K10: 0 | L10: 0 | M10: 0 | N10: 0 | O10: 0 | P10: 0
A11: 1.391 | B11: 1.732 | C11: 1.391 | D11: 1.732 | E11: 1.5615 | F11: 0 | G11: 0 | H11: 0.0106732 | I11: 0.0106777 | J11: 0 | K11: 0 | L11: 0.0321869 | M11: 0.0215396 | N11: 0 | O11: 0.03247 | P11: 0.0868273
A12: 1.732 | B12: 2.156 | C12: 1.732 | D12: 2.156 | E12: 1.944 | F12: 17.2046 | G12: 15.7383 | H12: 18.2955 | I12: 17.3946 | J12: 18.2561 | K12: 18.1975 | L12: 20.6256 | M12: 23.5617 | N12: 25.613 | O12: 27.1683 | P12: 31.6884
A13: 2.156 | B13: 2.685 | C13: 2.156 | D13: 2.685 | E13: 2.4205 | F13: 18.9718 | G13: 18.7216 | H13: 19.1539 | I13: 19.1729 | J13: 20.2705 | K13: 20.2019 | L13: 21.3339 | M13: 22.6634 | N13: 22.4533 | O13: 24.0414 | P13: 26.223
A14: 2.685 | B14: 3.343 | C14: 2.685 | D14: 3.343 | E14: 3.014 | F14: 9.98194 | G14: 10.571 | H14: 10.1212 | I14: 10.0615 | J14: 10.9539 | K14: 11.4174 | L14: 11.6552 | M14: 12.2705 | N14: 12.5296 | O14: 12.862 | P14: 13.5166
A15: 3.343 | B15: 4.162 | C15: 3.343 | D15: 4.162 | E15: 3.7525 | F15: 6.25779 | G15: 5.81513 | H15: 6.3542 | I15: 6.10052 | J15: 6.78387 | K15: 6.80738 | L15: 7.14962 | M15: 7.88806 | N15: 7.73594 | O15: 8.31713 | P15: 7.96015
... A19: 8.032 | B19: 10 | C19: 8.032 | D19: 10 | E19: 9.016 | F19: 0.0747435 | G19: 0.0640127 | H19: 0.128138 | I19: 0.0640964 | J19: 0.0855914 | K19: 0.042809 | L19: 0.0536699 | M19: 0.161623 | N19: 0.129638 | O19: 0.119112 | P19: 0.162877
F21: sum of bins >1.117 um | G21: =SUM(G10:G19) -> 55.198764 | H21: =SUM(H10:H19) -> 58.473443 | I21: =SUM(I10:I19) -> 57.579409 | J21: =SUM(J10:J19) -> 61.581623 | K21: =SUM(K10:K19) -> 61.793197 | L21: =SUM(L10:L19) -> 66.453236 | M21: =SUM(M10:M19) -> 72.48208 | N21: =SUM(N10:N19) -> 74.370793 | ... P21: =SUM(P10:P19) -> 85.837923

Sheet AFR
A1: 1-5 um amino formaldehyde (aka fluorescent red)
A3: LB | B3: UB | C3: LB with RI | D3: UB with RI | E3: MPDiam | F3: Data | G3: Data | H3: Data | I3: Data | J3: Data | K3: Data | L3: Data | M3: Data | N3: Data | O3: Data
A4: 0.3 | B4: 0.374 | C4: 0.3 | D4: 0.374 | E4: 0.337 | F4: 95.8483 | G4: 41.498 | H4: 39.8085 | I4: 38.2583 | J4: 35.7462 | K4: 36.1517 | L4: 34.2313 | M4: 34.5225 | N4: 34.0191 | O4: 32.7103
A5: 0.374 | B5: 0.465 | C5: 0.374 | D5: 0.465 | E5: 0.4195 | F5: 45.3513 | G5: 29.661 | H5: 27.7716 | I5: 27.1881 | J5: 26.2665 | K5: 26.0736 | L5: 24.1097 | M5: 23.5467 | N5: 23.652 | O5: 23.8107
A6: 0.465 | B6: 0.579 | C6: 0.465 | D6: 0.579 | E6: 0.522 | F6: 25.4238 | G6: 26.3543 | H6: 25.0253 | I6: 24.3722 | J6: 24.3517 | K6: 22.9601 | L6: 22.5992 | M6: 23.3664 | N6: 21.387 | O6: 21.3236
A7: 0.579 | B7: 0.721 | C7: 0.579 | D7: 0.721 | E7: 0.65 | F7: 15.3925 | G7: 17.862 | H7: 17.5973 | I7: 17.2286 | J7: 16.6712 | K7: 15.5543 | L7: 15.5523 | M7: 14.836 | N7: 14.6356 | O7: 15.0774
A8: 0.721 | B8: 0.897 | C8: 0.721 | D8: 0.897 | E8: 0.809 | F8: 11.7146 | G8: 14.5337 | H8: 14.2999 | I8: 14.8281 | J8: 15.378 | K8: 14.563 | L8: 14.0856 | M8: 14.0743 | N8: 13.049 | O8: 13.1756
A9: 0.897 | B9: 1.117 | C9: 0.897 | D9: 1.117 | E9: 1.007 | F9: 26.1408 | G9: 33.4701 | H9: 33.5513 | I9: 31.2459 | J9: 31.7307 | K9: 29.9603 | L9: 30.1037 | M9: 28.9552 | N9: 28.7019 | O9: 28.5647
A10: 1.117 | B10: 1.391 | C10: 1.117 | D10: 1.391 | E10: 1.254 | F10: 11.2844 | G10: 14.5017 | H10: 13.9216 | I10: 14.5001 | J10: 13.9217 | K10: 13.3419 | L10: 12.6353 | M10: 12.6977 | N10: 12.8341 | O10: 13.2337
A11: 1.391 | B11: 1.732 | C11: 1.391 | D11: 1.732 | E11: 1.5615 | F11: 13.9869 | G11: 18.0583 | H11: 17.7934 | I11: 17.3088 | J11: 17.2565 | K11: 16.9604 | L11: 16.6003 | M11: 14.81 | N11: 16.1989 | O11: 15.5462
A12: 1.732 | B12: 2.156 | C12: 1.732 | D12: 2.156 | E12: 1.944 | F12: 10.7565 | G12: 13.8955 | H12: 14.0629 | I12: 13.5145 | J12: 12.5977 | K12: 12.4596 | L12: 12.2578 | M12: 11.8355 | N12: 11.6349 | O12: 11.1289
A13: 2.156 | B13: 2.685 | C13: 2.156 | D13: 2.685 | E13: 2.4205 | F13: 6.10396 | G13: 8.09091 | H13: 7.52208 | I13: 7.60612 | J13: 7.45899 | K13: 6.95346 | L13: 7.04722 | M13: 7.04684 | N13: 6.34198 | O13: 6.19465
A14: 2.685 | B14: 3.343 | C14: 2.685 | D14: 3.343 | E14: 3.014 | F14: 2.2862 | G14: 3.02291 | H14: 2.56976 | I14: 2.64344 | J14: 2.59084 | K14: 2.47479 | L14: 2.33759 | M14: 2.52698 | N14: 2.20052 | O14: 2.48477
A15: 3.343 | B15: 4.162 | C15: 3.343 | D15: 4.162 | E15: 3.7525 | F15: 0.695536 | G15: 0.97982 | H15: 0.62155 | I15: 0.579401 | J15: 0.621553 | K15: 0.642572 | L15: 0.547695 | M15: 0.631921 | N15: 0.463396 | O15: 0.642427
... A19: 8.032 | B19: 10 | C19: 8.032 | D19: 10 | E19: 9.016 | F19: 0.0105373 | G19: 0 | H19: 0 | I19: 0 | J19: 0 | K19: 0 | L19: 0 | M19: 0 | N19: 0 | O19: 0
F21: sum of bins >1.117 um | G21: =SUM(G10:G19) -> 58.770343 | H21: =SUM(H10:H19) -> 56.680878 | I21: =SUM(I10:I19) -> 56.384057 | J21: =SUM(J10:J19) -> 54.594753 | K21: =SUM(K10:K19) -> 52.938036 | L21: =SUM(L10:L19) -> 51.541735 | M21: =SUM(M10:M19) -> 49.664772 | N21: =SUM(N10:N19) -> 49.842273 | O21: =SUM(O10:O19) -> 49.346466
